locationId,location,city,country,utc,local,parameter,value,unit,latitude,longitude
5509,"Anand Vihar, Delhi - DPCC",Delhi,IN,2021-09-30T13:15:00+00:00,2021-09-30T18:45:00+05:30,pm10,178,µg/m³,28.647622,77.315809
5509,"Anand Vihar, Delhi - DPCC",Delhi,IN,2021-09-30T12:45:00+00:00,2021-09-30T18:15:00+05:30,pm10,376,µg/m³,28.647622,77.315809
5509,"Anand Vihar, Delhi - DPCC",Delhi,IN,2021-09-30T12:45:00+00:00,2021-09-30T18:15:00+05:30,pm25,242,µg/m³,28.647622,77.315809
5509,"Anand Vihar, Delhi - DPCC",Delhi,IN,2021-09-30T12:15:00+00:00,2021-09-30T17:45:00+05:30,pm10,376,µg/m³,28.647622,77.315809
5509,"Anand Vihar, Delhi - DPCC",Delhi,IN,2021-09-30T12:15:00+00:00,2021-09-30T17:45:00+05:30,pm25,242,µg/m³,28.647622,77.315809
5509,"Anand Vihar, Delhi - DPCC",Delhi,IN,2021-09-30T11:45:00+00:00,2021-09-30T17:15:00+05:30,pm25,42,µg/m³,28.647622,77.315809
5509,"Anand Vihar, Delhi - DPCC",Delhi,IN,2021-09-30T11:45:00+00:00,2021-09-30T17:15:00+05:30,pm10,134,µg/m³,28.647622,77.315809
5509,"Anand Vihar, Delhi - DPCC",Delhi,IN,2021-09-30T10:45:00+00:00,2021-09-30T16:15:00+05:30,pm10,124,µg/m³,28.647622,77.315809
5509,"Anand Vihar, Delhi - DPCC",Delhi,IN,2021-09-30T10:00:00+00:00,2021-09-30T15:30:00+05:30,pm10,92,µg/m³,28.647622,77.315809
5509,"Anand Vihar, Delhi - DPCC",Delhi,IN,2021-09-30T09:30:00+00:00,2021-09-30T15:00:00+05:30,pm10,92,µg/m³,28.647622,77.315809
5509,"Anand Vihar, Delhi - DPCC",Delhi,IN,2021-09-30T09:00:00+00:00,2021-09-30T14:30:00+05:30,pm10,102,µg/m³,28.647622,77.315809
5509,"Anand Vihar, Delhi - DPCC",Delhi,IN,2021-09-30T09:00:00+00:00,2021-09-30T14:30:00+05:30,pm25,17,µg/m³,28.647622,77.315809
5509,"Anand Vihar, Delhi - DPCC",Delhi,IN,2021-09-30T08:30:00+00:00,2021-09-30T14:00:00+05:30,pm25,17,µg/m³,28.647622,77.315809
5509,"Anand Vihar, Delhi - DPCC",Delhi,IN,2021-09-30T08:30:00+00:00,2021-09-30T14:00:00+05:30,pm10,102,µg/m³,28.647622,77.315809
5509,"Anand Vihar, Delhi - DPCC",Delhi,IN,2021-09-30T08:15:00+00:00,2021-09-30T13:45:00+05:30,pm25,17,µg/m³,28.647622,77.315809
5509,"Anand Vihar, Delhi - DPCC",Delhi,IN,2021-09-30T08:15:00+00:00,2021-09-30T13:45:00+05:30,pm10,102,µg/m³,28.647622,77.315809
5509,"Anand Vihar, Delhi - DPCC",Delhi,IN,2021-09-30T07:30:00+00:00,2021-09-30T13:00:00+05:30,pm10,50,µg/m³,28.647622,77.315809
5509,"Anand Vihar, Delhi - DPCC",Delhi,IN,2021-09-30T07:00:00+00:00,2021-09-30T12:30:00+05:30,pm25,52,µg/m³,28.647622,77.315809
5509,"Anand Vihar, Delhi - DPCC",Delhi,IN,2021-09-30T07:00:00+00:00,2021-09-30T12:30:00+05:30,pm10,145,µg/m³,28.647622,77.315809
5509,"Anand Vihar, Delhi - DPCC",Delhi,IN,2021-09-30T06:45:00+00:00,2021-09-30T12:15:00+05:30,pm10,145,µg/m³,28.647622,77.315809
5509,"Anand Vihar, Delhi - DPCC",Delhi,IN,2021-09-30T06:45:00+00:00,2021-09-30T12:15:00+05:30,pm25,52,µg/m³,28.647622,77.315809
5509,"Anand Vihar, Delhi - DPCC",Delhi,IN,2021-09-30T06:00:00+00:00,2021-09-30T11:30:00+05:30,pm25,48,µg/m³,28.647622,77.315809
5509,"Anand Vihar, Delhi - DPCC",Delhi,IN,2021-09-30T06:00:00+00:00,2021-09-30T11:30:00+05:30,pm10,105,µg/m³,28.647622,77.315809
5509,"Anand Vihar, Delhi - DPCC",Delhi,IN,2021-09-30T05:30:00+00:00,2021-09-30T11:00:00+05:30,pm25,48,µg/m³,28.647622,77.315809
5509,"Anand Vihar, Delhi - DPCC",Delhi,IN,2021-09-30T05:30:00+00:00,2021-09-30T11:00:00+05:30,pm10,105,µg/m³,28.647622,77.315809
5509,"Anand Vihar, Delhi - DPCC",Delhi,IN,2021-09-30T05:00:00+00:00,2021-09-30T10:30:00+05:30,pm10,155,µg/m³,28.647622,77.315809
5509,"Anand Vihar, Delhi - DPCC",Delhi,IN,2021-09-30T05:00:00+00:00,2021-09-30T10:30:00+05:30,pm25,57,µg/m³,28.647622,77.315809
5509,"Anand Vihar, Delhi - DPCC",Delhi,IN,2021-09-30T04:45:00+00:00,2021-09-30T10:15:00+05:30,pm25,57,µg/m³,28.647622,77.315809
5509,"Anand Vihar, Delhi - DPCC",Delhi,IN,2021-09-30T04:45:00+00:00,2021-09-30T10:15:00+05:30,pm10,155,µg/m³,28.647622,77.315809
5509,"Anand Vihar, Delhi - DPCC",Delhi,IN,2021-09-30T04:00:00+00:00,2021-09-30T09:30:00+05:30,pm10,119,µg/m³,28.647622,77.315809
5509,"Anand Vihar, Delhi - DPCC",Delhi,IN,2021-09-30T04:00:00+00:00,2021-09-30T09:30:00+05:30,pm25,46,µg/m³,28.647622,77.315809
5509,"Anand Vihar, Delhi - DPCC",Delhi,IN,2021-09-30T03:45:00+00:00,2021-09-30T09:15:00+05:30,pm10,119,µg/m³,28.647622,77.315809
5509,"Anand Vihar, Delhi - DPCC",Delhi,IN,2021-09-30T03:45:00+00:00,2021-09-30T09:15:00+05:30,pm25,46,µg/m³,28.647622,77.315809
5509,"Anand Vihar, Delhi - DPCC",Delhi,IN,2021-09-30T03:00:00+00:00,2021-09-30T08:30:00+05:30,pm10,99,µg/m³,28.647622,77.315809
5509,"Anand Vihar, Delhi - DPCC",Delhi,IN,2021-09-30T03:00:00+00:00,2021-09-30T08:30:00+05:30,pm25,36,µg/m³,28.647622,77.315809
5509,"Anand Vihar, Delhi - DPCC",Delhi,IN,2021-09-30T02:30:00+00:00,2021-09-30T08:00:00+05:30,pm10,99,µg/m³,28.647622,77.315809
5509,"Anand Vihar, Delhi - DPCC",Delhi,IN,2021-09-30T02:30:00+00:00,2021-09-30T08:00:00+05:30,pm25,36,µg/m³,28.647622,77.315809
5509,"Anand Vihar, Delhi - DPCC",Delhi,IN,2021-09-30T02:15:00+00:00,2021-09-30T07:45:00+05:30,pm10,99,µg/m³,28.647622,77.315809
5509,"Anand Vihar, Delhi - DPCC",Delhi,IN,2021-09-30T02:15:00+00:00,2021-09-30T07:45:00+05:30,pm25,36,µg/m³,28.647622,77.315809
5509,"Anand Vihar, Delhi - DPCC",Delhi,IN,2021-09-30T01:30:00+00:00,2021-09-30T07:00:00+05:30,pm25,27,µg/m³,28.647622,77.315809
5509,"Anand Vihar, Delhi - DPCC",Delhi,IN,2021-09-30T01:30:00+00:00,2021-09-30T07:00:00+05:30,pm10,75,µg/m³,28.647622,77.315809
5509,"Anand Vihar, Delhi - DPCC",Delhi,IN,2021-09-30T01:00:00+00:00,2021-09-30T06:30:00+05:30,pm10,6,µg/m³,28.647622,77.315809
5509,"Anand Vihar, Delhi - DPCC",Delhi,IN,2021-09-30T00:45:00+00:00,2021-09-30T06:15:00+05:30,pm10,6,µg/m³,28.647622,77.315809
5509,"Anand Vihar, Delhi - DPCC",Delhi,IN,2021-09-30T00:00:00+00:00,2021-09-30T05:30:00+05:30,pm10,89,µg/m³,28.647622,77.315809
5509,"Anand Vihar, Delhi - DPCC",Delhi,IN,2021-09-29T23:30:00+00:00,2021-09-30T05:00:00+05:30,pm10,89,µg/m³,28.647622,77.315809
5509,"Anand Vihar, Delhi - DPCC",Delhi,IN,2021-09-29T23:15:00+00:00,2021-09-30T04:45:00+05:30,pm10,89,µg/m³,28.647622,77.315809
5509,"Anand Vihar, Delhi - DPCC",Delhi,IN,2021-09-29T21:00:00+00:00,2021-09-30T02:30:00+05:30,pm10,113,µg/m³,28.647622,77.315809
5509,"Anand Vihar, Delhi - DPCC",Delhi,IN,2021-09-29T20:45:00+00:00,2021-09-30T02:15:00+05:30,pm10,113,µg/m³,28.647622,77.315809
5509,"Anand Vihar, Delhi - DPCC",Delhi,IN,2021-09-29T20:00:00+00:00,2021-09-30T01:30:00+05:30,pm25,241,µg/m³,28.647622,77.315809
5509,"Anand Vihar, Delhi - DPCC",Delhi,IN,2021-09-29T20:00:00+00:00,2021-09-30T01:30:00+05:30,pm10,68,µg/m³,28.647622,77.315809
5509,"Anand Vihar, Delhi - DPCC",Delhi,IN,2021-09-29T19:45:00+00:00,2021-09-30T01:15:00+05:30,pm25,241,µg/m³,28.647622,77.315809
5509,"Anand Vihar, Delhi - DPCC",Delhi,IN,2021-09-29T19:45:00+00:00,2021-09-30T01:15:00+05:30,pm10,68,µg/m³,28.647622,77.315809
5509,"Anand Vihar, Delhi - DPCC",Delhi,IN,2021-09-29T19:15:00+00:00,2021-09-30T00:45:00+05:30,pm25,241,µg/m³,28.647622,77.315809
5509,"Anand Vihar, Delhi - DPCC",Delhi,IN,2021-09-29T19:15:00+00:00,2021-09-30T00:45:00+05:30,pm10,68,µg/m³,28.647622,77.315809
5509,"Anand Vihar, Delhi - DPCC",Delhi,IN,2021-09-29T18:30:00+00:00,2021-09-30T00:00:00+05:30,pm10,73,µg/m³,28.647622,77.315809
5509,"Anand Vihar, Delhi - DPCC",Delhi,IN,2021-09-29T18:15:00+00:00,2021-09-29T23:45:00+05:30,pm10,73,µg/m³,28.647622,77.315809
5509,"Anand Vihar, Delhi - DPCC",Delhi,IN,2021-09-29T17:00:00+00:00,2021-09-29T22:30:00+05:30,pm10,84,µg/m³,28.647622,77.315809
5509,"Anand Vihar, Delhi - DPCC",Delhi,IN,2021-09-29T16:45:00+00:00,2021-09-29T22:15:00+05:30,pm10,84,µg/m³,28.647622,77.315809
5509,"Anand Vihar, Delhi - DPCC",Delhi,IN,2021-09-29T16:00:00+00:00,2021-09-29T21:30:00+05:30,pm10,95,µg/m³,28.647622,77.315809
5509,"Anand Vihar, Delhi - DPCC",Delhi,IN,2021-09-29T15:30:00+00:00,2021-09-29T21:00:00+05:30,pm10,95,µg/m³,28.647622,77.315809
5509,"Anand Vihar, Delhi - DPCC",Delhi,IN,2021-09-29T12:00:00+00:00,2021-09-29T17:30:00+05:30,pm10,121,µg/m³,28.647622,77.315809
5509,"Anand Vihar, Delhi - DPCC",Delhi,IN,2021-09-29T12:00:00+00:00,2021-09-29T17:30:00+05:30,pm25,46,µg/m³,28.647622,77.315809
5509,"Anand Vihar, Delhi - DPCC",Delhi,IN,2021-09-29T10:45:00+00:00,2021-09-29T16:15:00+05:30,pm10,69,µg/m³,28.647622,77.315809
5509,"Anand Vihar, Delhi - DPCC",Delhi,IN,2021-09-29T10:45:00+00:00,2021-09-29T16:15:00+05:30,pm25,28,µg/m³,28.647622,77.315809
5509,"Anand Vihar, Delhi - DPCC",Delhi,IN,2021-09-29T10:00:00+00:00,2021-09-29T15:30:00+05:30,pm25,19,µg/m³,28.647622,77.315809
5509,"Anand Vihar, Delhi - DPCC",Delhi,IN,2021-09-29T10:00:00+00:00,2021-09-29T15:30:00+05:30,pm10,70,µg/m³,28.647622,77.315809
5509,"Anand Vihar, Delhi - DPCC",Delhi,IN,2021-09-29T09:30:00+00:00,2021-09-29T15:00:00+05:30,pm25,19,µg/m³,28.647622,77.315809
5509,"Anand Vihar, Delhi - DPCC",Delhi,IN,2021-09-29T09:30:00+00:00,2021-09-29T15:00:00+05:30,pm10,70,µg/m³,28.647622,77.315809
5509,"Anand Vihar, Delhi - DPCC",Delhi,IN,2021-09-29T09:15:00+00:00,2021-09-29T14:45:00+05:30,pm10,70,µg/m³,28.647622,77.315809
5509,"Anand Vihar, Delhi - DPCC",Delhi,IN,2021-09-29T09:15:00+00:00,2021-09-29T14:45:00+05:30,pm25,19,µg/m³,28.647622,77.315809
5509,"Anand Vihar, Delhi - DPCC",Delhi,IN,2021-09-29T08:45:00+00:00,2021-09-29T14:15:00+05:30,pm10,33,µg/m³,28.647622,77.315809
5509,"Anand Vihar, Delhi - DPCC",Delhi,IN,2021-09-29T08:45:00+00:00,2021-09-29T14:15:00+05:30,pm25,3,µg/m³,28.647622,77.315809
5509,"Anand Vihar, Delhi - DPCC",Delhi,IN,2021-09-29T08:00:00+00:00,2021-09-29T13:30:00+05:30,pm10,41,µg/m³,28.647622,77.315809
5509,"Anand Vihar, Delhi - DPCC",Delhi,IN,2021-09-29T07:45:00+00:00,2021-09-29T13:15:00+05:30,pm10,41,µg/m³,28.647622,77.315809
5509,"Anand Vihar, Delhi - DPCC",Delhi,IN,2021-09-29T07:15:00+00:00,2021-09-29T12:45:00+05:30,pm10,41,µg/m³,28.647622,77.315809
5509,"Anand Vihar, Delhi - DPCC",Delhi,IN,2021-09-29T05:45:00+00:00,2021-09-29T11:15:00+05:30,pm25,56,µg/m³,28.647622,77.315809
5509,"Anand Vihar, Delhi - DPCC",Delhi,IN,2021-09-29T05:45:00+00:00,2021-09-29T11:15:00+05:30,pm10,132,µg/m³,28.647622,77.315809
5509,"Anand Vihar, Delhi - DPCC",Delhi,IN,2021-09-29T04:15:00+00:00,2021-09-29T09:45:00+05:30,pm25,41,µg/m³,28.647622,77.315809
5509,"Anand Vihar, Delhi - DPCC",Delhi,IN,2021-09-29T04:15:00+00:00,2021-09-29T09:45:00+05:30,pm10,132,µg/m³,28.647622,77.315809
5509,"Anand Vihar, Delhi - DPCC",Delhi,IN,2021-09-29T03:45:00+00:00,2021-09-29T09:15:00+05:30,pm25,46,µg/m³,28.647622,77.315809
5509,"Anand Vihar, Delhi - DPCC",Delhi,IN,2021-09-29T03:45:00+00:00,2021-09-29T09:15:00+05:30,pm10,122,µg/m³,28.647622,77.315809
5509,"Anand Vihar, Delhi - DPCC",Delhi,IN,2021-09-29T03:00:00+00:00,2021-09-29T08:30:00+05:30,pm10,70,µg/m³,28.647622,77.315809
5509,"Anand Vihar, Delhi - DPCC",Delhi,IN,2021-09-29T03:00:00+00:00,2021-09-29T08:30:00+05:30,pm25,34,µg/m³,28.647622,77.315809
5509,"Anand Vihar, Delhi - DPCC",Delhi,IN,2021-09-29T02:30:00+00:00,2021-09-29T08:00:00+05:30,pm10,70,µg/m³,28.647622,77.315809
5509,"Anand Vihar, Delhi - DPCC",Delhi,IN,2021-09-29T02:30:00+00:00,2021-09-29T08:00:00+05:30,pm25,34,µg/m³,28.647622,77.315809
5509,"Anand Vihar, Delhi - DPCC",Delhi,IN,2021-09-29T02:00:00+00:00,2021-09-29T07:30:00+05:30,pm25,29,µg/m³,28.647622,77.315809
5509,"Anand Vihar, Delhi - DPCC",Delhi,IN,2021-09-29T02:00:00+00:00,2021-09-29T07:30:00+05:30,pm10,53,µg/m³,28.647622,77.315809
5509,"Anand Vihar, Delhi - DPCC",Delhi,IN,2021-09-29T01:45:00+00:00,2021-09-29T07:15:00+05:30,pm25,29,µg/m³,28.647622,77.315809
5509,"Anand Vihar, Delhi - DPCC",Delhi,IN,2021-09-29T01:45:00+00:00,2021-09-29T07:15:00+05:30,pm10,53,µg/m³,28.647622,77.315809
5509,"Anand Vihar, Delhi - DPCC",Delhi,IN,2021-09-29T01:15:00+00:00,2021-09-29T06:45:00+05:30,pm10,53,µg/m³,28.647622,77.315809
5509,"Anand Vihar, Delhi - DPCC",Delhi,IN,2021-09-29T01:15:00+00:00,2021-09-29T06:45:00+05:30,pm25,29,µg/m³,28.647622,77.315809
5509,"Anand Vihar, Delhi - DPCC",Delhi,IN,2021-09-29T00:45:00+00:00,2021-09-29T06:15:00+05:30,pm10,11,µg/m³,28.647622,77.315809
5509,"Anand Vihar, Delhi - DPCC",Delhi,IN,2021-09-29T00:00:00+00:00,2021-09-29T05:30:00+05:30,pm10,50,µg/m³,28.647622,77.315809
5509,"Anand Vihar, Delhi - DPCC",Delhi,IN,2021-09-29T00:00:00+00:00,2021-09-29T05:30:00+05:30,pm25,34,µg/m³,28.647622,77.315809
5509,"Anand Vihar, Delhi - DPCC",Delhi,IN,2021-09-28T23:30:00+00:00,2021-09-29T05:00:00+05:30,pm25,34,µg/m³,28.647622,77.315809
5509,"Anand Vihar, Delhi - DPCC",Delhi,IN,2021-09-28T23:30:00+00:00,2021-09-29T05:00:00+05:30,pm10,50,µg/m³,28.647622,77.315809
5509,"Anand Vihar, Delhi - DPCC",Delhi,IN,2021-09-28T23:15:00+00:00,2021-09-29T04:45:00+05:30,pm25,34,µg/m³,28.647622,77.315809
5509,"Anand Vihar, Delhi - DPCC",Delhi,IN,2021-09-28T23:15:00+00:00,2021-09-29T04:45:00+05:30,pm10,50,µg/m³,28.647622,77.315809
5509,"Anand Vihar, Delhi - DPCC",Delhi,IN,2021-09-28T22:45:00+00:00,2021-09-29T04:15:00+05:30,pm10,57,µg/m³,28.647622,77.315809
5509,"Anand Vihar, Delhi - DPCC",Delhi,IN,2021-09-28T22:45:00+00:00,2021-09-29T04:15:00+05:30,pm25,54,µg/m³,28.647622,77.315809
5509,"Anand Vihar, Delhi - DPCC",Delhi,IN,2021-09-28T22:00:00+00:00,2021-09-29T03:30:00+05:30,pm25,48,µg/m³,28.647622,77.315809
5509,"Anand Vihar, Delhi - DPCC",Delhi,IN,2021-09-28T22:00:00+00:00,2021-09-29T03:30:00+05:30,pm10,121,µg/m³,28.647622,77.315809
5509,"Anand Vihar, Delhi - DPCC",Delhi,IN,2021-09-28T21:30:00+00:00,2021-09-29T03:00:00+05:30,pm10,121,µg/m³,28.647622,77.315809
5509,"Anand Vihar, Delhi - DPCC",Delhi,IN,2021-09-28T21:30:00+00:00,2021-09-29T03:00:00+05:30,pm25,48,µg/m³,28.647622,77.315809
5509,"Anand Vihar, Delhi - DPCC",Delhi,IN,2021-09-28T21:15:00+00:00,2021-09-29T02:45:00+05:30,pm25,48,µg/m³,28.647622,77.315809
5509,"Anand Vihar, Delhi - DPCC",Delhi,IN,2021-09-28T21:15:00+00:00,2021-09-29T02:45:00+05:30,pm10,121,µg/m³,28.647622,77.315809
5509,"Anand Vihar, Delhi - DPCC",Delhi,IN,2021-09-28T20:45:00+00:00,2021-09-29T02:15:00+05:30,pm10,114,µg/m³,28.647622,77.315809
5509,"Anand Vihar, Delhi - DPCC",Delhi,IN,2021-09-28T20:45:00+00:00,2021-09-29T02:15:00+05:30,pm25,62,µg/m³,28.647622,77.315809
5509,"Anand Vihar, Delhi - DPCC",Delhi,IN,2021-09-28T20:00:00+00:00,2021-09-29T01:30:00+05:30,pm25,32,µg/m³,28.647622,77.315809
5509,"Anand Vihar, Delhi - DPCC",Delhi,IN,2021-09-28T20:00:00+00:00,2021-09-29T01:30:00+05:30,pm10,85,µg/m³,28.647622,77.315809
5509,"Anand Vihar, Delhi - DPCC",Delhi,IN,2021-09-28T19:30:00+00:00,2021-09-29T01:00:00+05:30,pm10,85,µg/m³,28.647622,77.315809
5509,"Anand Vihar, Delhi - DPCC",Delhi,IN,2021-09-28T19:30:00+00:00,2021-09-29T01:00:00+05:30,pm25,32,µg/m³,28.647622,77.315809
5509,"Anand Vihar, Delhi - DPCC",Delhi,IN,2021-09-28T19:00:00+00:00,2021-09-29T00:30:00+05:30,pm10,103,µg/m³,28.647622,77.315809
5509,"Anand Vihar, Delhi - DPCC",Delhi,IN,2021-09-28T19:00:00+00:00,2021-09-29T00:30:00+05:30,pm25,50,µg/m³,28.647622,77.315809
5509,"Anand Vihar, Delhi - DPCC",Delhi,IN,2021-09-28T18:30:00+00:00,2021-09-29T00:00:00+05:30,pm10,103,µg/m³,28.647622,77.315809
5509,"Anand Vihar, Delhi - DPCC",Delhi,IN,2021-09-28T18:30:00+00:00,2021-09-29T00:00:00+05:30,pm25,50,µg/m³,28.647622,77.315809
5509,"Anand Vihar, Delhi - DPCC",Delhi,IN,2021-09-28T18:00:00+00:00,2021-09-28T23:30:00+05:30,pm10,110,µg/m³,28.647622,77.315809
5509,"Anand Vihar, Delhi - DPCC",Delhi,IN,2021-09-28T18:00:00+00:00,2021-09-28T23:30:00+05:30,pm25,32,µg/m³,28.647622,77.315809
5509,"Anand Vihar, Delhi - DPCC",Delhi,IN,2021-09-28T17:30:00+00:00,2021-09-28T23:00:00+05:30,pm25,32,µg/m³,28.647622,77.315809
5509,"Anand Vihar, Delhi - DPCC",Delhi,IN,2021-09-28T17:30:00+00:00,2021-09-28T23:00:00+05:30,pm10,110,µg/m³,28.647622,77.315809
5509,"Anand Vihar, Delhi - DPCC",Delhi,IN,2021-09-28T17:00:00+00:00,2021-09-28T22:30:00+05:30,pm25,45,µg/m³,28.647622,77.315809
5509,"Anand Vihar, Delhi - DPCC",Delhi,IN,2021-09-28T17:00:00+00:00,2021-09-28T22:30:00+05:30,pm10,97,µg/m³,28.647622,77.315809
5509,"Anand Vihar, Delhi - DPCC",Delhi,IN,2021-09-28T16:00:00+00:00,2021-09-28T21:30:00+05:30,pm10,105,µg/m³,28.647622,77.315809
5509,"Anand Vihar, Delhi - DPCC",Delhi,IN,2021-09-28T15:45:00+00:00,2021-09-28T21:15:00+05:30,pm10,105,µg/m³,28.647622,77.315809
5509,"Anand Vihar, Delhi - DPCC",Delhi,IN,2021-09-28T15:00:00+00:00,2021-09-28T20:30:00+05:30,pm10,146,µg/m³,28.647622,77.315809
5509,"Anand Vihar, Delhi - DPCC",Delhi,IN,2021-09-28T14:15:00+00:00,2021-09-28T19:45:00+05:30,pm10,146,µg/m³,28.647622,77.315809
5509,"Anand Vihar, Delhi - DPCC",Delhi,IN,2021-09-28T13:45:00+00:00,2021-09-28T19:15:00+05:30,pm25,72,µg/m³,28.647622,77.315809
5509,"Anand Vihar, Delhi - DPCC",Delhi,IN,2021-09-28T13:45:00+00:00,2021-09-28T19:15:00+05:30,pm10,129,µg/m³,28.647622,77.315809
5509,"Anand Vihar, Delhi - DPCC",Delhi,IN,2021-09-28T13:00:00+00:00,2021-09-28T18:30:00+05:30,pm25,69,µg/m³,28.647622,77.315809
5509,"Anand Vihar, Delhi - DPCC",Delhi,IN,2021-09-28T13:00:00+00:00,2021-09-28T18:30:00+05:30,pm10,124,µg/m³,28.647622,77.315809
5509,"Anand Vihar, Delhi - DPCC",Delhi,IN,2021-09-28T12:30:00+00:00,2021-09-28T18:00:00+05:30,pm10,124,µg/m³,28.647622,77.315809
5509,"Anand Vihar, Delhi - DPCC",Delhi,IN,2021-09-28T12:30:00+00:00,2021-09-28T18:00:00+05:30,pm25,69,µg/m³,28.647622,77.315809
5509,"Anand Vihar, Delhi - DPCC",Delhi,IN,2021-09-28T11:15:00+00:00,2021-09-28T16:45:00+05:30,pm25,55,µg/m³,28.647622,77.315809
5509,"Anand Vihar, Delhi - DPCC",Delhi,IN,2021-09-28T11:15:00+00:00,2021-09-28T16:45:00+05:30,pm10,132,µg/m³,28.647622,77.315809
5509,"Anand Vihar, Delhi - DPCC",Delhi,IN,2021-09-28T10:45:00+00:00,2021-09-28T16:15:00+05:30,pm25,20,µg/m³,28.647622,77.315809
5509,"Anand Vihar, Delhi - DPCC",Delhi,IN,2021-09-28T10:45:00+00:00,2021-09-28T16:15:00+05:30,pm10,75,µg/m³,28.647622,77.315809
5509,"Anand Vihar, Delhi - DPCC",Delhi,IN,2021-09-28T10:15:00+00:00,2021-09-28T15:45:00+05:30,pm25,20,µg/m³,28.647622,77.315809
5509,"Anand Vihar, Delhi - DPCC",Delhi,IN,2021-09-28T10:15:00+00:00,2021-09-28T15:45:00+05:30,pm10,75,µg/m³,28.647622,77.315809
5509,"Anand Vihar, Delhi - DPCC",Delhi,IN,2021-09-28T08:30:00+00:00,2021-09-28T14:00:00+05:30,pm10,24,µg/m³,28.647622,77.315809
5509,"Anand Vihar, Delhi - DPCC",Delhi,IN,2021-09-28T08:00:00+00:00,2021-09-28T13:30:00+05:30,pm10,19,µg/m³,28.647622,77.315809
5509,"Anand Vihar, Delhi - DPCC",Delhi,IN,2021-09-28T07:45:00+00:00,2021-09-28T13:15:00+05:30,pm10,19,µg/m³,28.647622,77.315809
5509,"Anand Vihar, Delhi - DPCC",Delhi,IN,2021-09-28T03:30:00+00:00,2021-09-28T09:00:00+05:30,pm25,76,µg/m³,28.647622,77.315809
5509,"Anand Vihar, Delhi - DPCC",Delhi,IN,2021-09-28T03:30:00+00:00,2021-09-28T09:00:00+05:30,pm10,168,µg/m³,28.647622,77.315809
5509,"Anand Vihar, Delhi - DPCC",Delhi,IN,2021-09-28T03:15:00+00:00,2021-09-28T08:45:00+05:30,pm25,76,µg/m³,28.647622,77.315809
5509,"Anand Vihar, Delhi - DPCC",Delhi,IN,2021-09-28T03:15:00+00:00,2021-09-28T08:45:00+05:30,pm10,168,µg/m³,28.647622,77.315809
5509,"Anand Vihar, Delhi - DPCC",Delhi,IN,2021-09-28T02:45:00+00:00,2021-09-28T08:15:00+05:30,pm25,65,µg/m³,28.647622,77.315809
5509,"Anand Vihar, Delhi - DPCC",Delhi,IN,2021-09-28T02:45:00+00:00,2021-09-28T08:15:00+05:30,pm10,133,µg/m³,28.647622,77.315809
5509,"Anand Vihar, Delhi - DPCC",Delhi,IN,2021-09-28T02:00:00+00:00,2021-09-28T07:30:00+05:30,pm10,113,µg/m³,28.647622,77.315809
5509,"Anand Vihar, Delhi - DPCC",Delhi,IN,2021-09-28T02:00:00+00:00,2021-09-28T07:30:00+05:30,pm25,67,µg/m³,28.647622,77.315809
5509,"Anand Vihar, Delhi - DPCC",Delhi,IN,2021-09-28T01:45:00+00:00,2021-09-28T07:15:00+05:30,pm25,67,µg/m³,28.647622,77.315809
5509,"Anand Vihar, Delhi - DPCC",Delhi,IN,2021-09-28T01:45:00+00:00,2021-09-28T07:15:00+05:30,pm10,113,µg/m³,28.647622,77.315809
5509,"Anand Vihar, Delhi - DPCC",Delhi,IN,2021-09-28T01:15:00+00:00,2021-09-28T06:45:00+05:30,pm10,113,µg/m³,28.647622,77.315809
5509,"Anand Vihar, Delhi - DPCC",Delhi,IN,2021-09-28T01:15:00+00:00,2021-09-28T06:45:00+05:30,pm25,67,µg/m³,28.647622,77.315809
5509,"Anand Vihar, Delhi - DPCC",Delhi,IN,2021-09-28T00:45:00+00:00,2021-09-28T06:15:00+05:30,pm10,162,µg/m³,28.647622,77.315809
5509,"Anand Vihar, Delhi - DPCC",Delhi,IN,2021-09-28T00:15:00+00:00,2021-09-28T05:45:00+05:30,pm10,162,µg/m³,28.647622,77.315809
5509,"Anand Vihar, Delhi - DPCC",Delhi,IN,2021-09-27T23:30:00+00:00,2021-09-28T05:00:00+05:30,pm25,81,µg/m³,28.647622,77.315809
5509,"Anand Vihar, Delhi - DPCC",Delhi,IN,2021-09-27T23:30:00+00:00,2021-09-28T05:00:00+05:30,pm10,201,µg/m³,28.647622,77.315809
5509,"Anand Vihar, Delhi - DPCC",Delhi,IN,2021-09-27T23:00:00+00:00,2021-09-28T04:30:00+05:30,pm10,189,µg/m³,28.647622,77.315809
5509,"Anand Vihar, Delhi - DPCC",Delhi,IN,2021-09-27T23:00:00+00:00,2021-09-28T04:30:00+05:30,pm25,109,µg/m³,28.647622,77.315809
5509,"Anand Vihar, Delhi - DPCC",Delhi,IN,2021-09-27T22:45:00+00:00,2021-09-28T04:15:00+05:30,pm10,189,µg/m³,28.647622,77.315809
5509,"Anand Vihar, Delhi - DPCC",Delhi,IN,2021-09-27T22:45:00+00:00,2021-09-28T04:15:00+05:30,pm25,109,µg/m³,28.647622,77.315809
5509,"Anand Vihar, Delhi - DPCC",Delhi,IN,2021-09-27T22:15:00+00:00,2021-09-28T03:45:00+05:30,pm10,189,µg/m³,28.647622,77.315809
5509,"Anand Vihar, Delhi - DPCC",Delhi,IN,2021-09-27T22:15:00+00:00,2021-09-28T03:45:00+05:30,pm25,109,µg/m³,28.647622,77.315809
5509,"Anand Vihar, Delhi - DPCC",Delhi,IN,2021-09-27T21:45:00+00:00,2021-09-28T03:15:00+05:30,pm10,227,µg/m³,28.647622,77.315809
5509,"Anand Vihar, Delhi - DPCC",Delhi,IN,2021-09-27T21:45:00+00:00,2021-09-28T03:15:00+05:30,pm25,477,µg/m³,28.647622,77.315809
5509,"Anand Vihar, Delhi - DPCC",Delhi,IN,2021-09-27T21:15:00+00:00,2021-09-28T02:45:00+05:30,pm10,227,µg/m³,28.647622,77.315809
5509,"Anand Vihar, Delhi - DPCC",Delhi,IN,2021-09-27T21:15:00+00:00,2021-09-28T02:45:00+05:30,pm25,477,µg/m³,28.647622,77.315809
5509,"Anand Vihar, Delhi - DPCC",Delhi,IN,2021-09-27T20:30:00+00:00,2021-09-28T02:00:00+05:30,pm10,175,µg/m³,28.647622,77.315809
5509,"Anand Vihar, Delhi - DPCC",Delhi,IN,2021-09-27T20:30:00+00:00,2021-09-28T02:00:00+05:30,pm25,70,µg/m³,28.647622,77.315809
5509,"Anand Vihar, Delhi - DPCC",Delhi,IN,2021-09-27T20:00:00+00:00,2021-09-28T01:30:00+05:30,pm25,68,µg/m³,28.647622,77.315809
5509,"Anand Vihar, Delhi - DPCC",Delhi,IN,2021-09-27T20:00:00+00:00,2021-09-28T01:30:00+05:30,pm10,149,µg/m³,28.647622,77.315809
5509,"Anand Vihar, Delhi - DPCC",Delhi,IN,2021-09-27T19:45:00+00:00,2021-09-28T01:15:00+05:30,pm10,149,µg/m³,28.647622,77.315809
5509,"Anand Vihar, Delhi - DPCC",Delhi,IN,2021-09-27T19:45:00+00:00,2021-09-28T01:15:00+05:30,pm25,68,µg/m³,28.647622,77.315809
5509,"Anand Vihar, Delhi - DPCC",Delhi,IN,2021-09-27T19:15:00+00:00,2021-09-28T00:45:00+05:30,pm10,149,µg/m³,28.647622,77.315809
5509,"Anand Vihar, Delhi - DPCC",Delhi,IN,2021-09-27T19:15:00+00:00,2021-09-28T00:45:00+05:30,pm25,68,µg/m³,28.647622,77.315809
5509,"Anand Vihar, Delhi - DPCC",Delhi,IN,2021-09-27T17:30:00+00:00,2021-09-27T23:00:00+05:30,pm10,221,µg/m³,28.647622,77.315809
5509,"Anand Vihar, Delhi - DPCC",Delhi,IN,2021-09-27T17:30:00+00:00,2021-09-27T23:00:00+05:30,pm25,93,µg/m³,28.647622,77.315809
5509,"Anand Vihar, Delhi - DPCC",Delhi,IN,2021-09-27T17:15:00+00:00,2021-09-27T22:45:00+05:30,pm10,221,µg/m³,28.647622,77.315809
5509,"Anand Vihar, Delhi - DPCC",Delhi,IN,2021-09-27T17:15:00+00:00,2021-09-27T22:45:00+05:30,pm25,93,µg/m³,28.647622,77.315809
5509,"Anand Vihar, Delhi - DPCC",Delhi,IN,2021-09-27T16:30:00+00:00,2021-09-27T22:00:00+05:30,pm25,104,µg/m³,28.647622,77.315809
5509,"Anand Vihar, Delhi - DPCC",Delhi,IN,2021-09-27T16:30:00+00:00,2021-09-27T22:00:00+05:30,pm10,222,µg/m³,28.647622,77.315809
5509,"Anand Vihar, Delhi - DPCC",Delhi,IN,2021-09-27T16:15:00+00:00,2021-09-27T21:45:00+05:30,pm10,222,µg/m³,28.647622,77.315809
5509,"Anand Vihar, Delhi - DPCC",Delhi,IN,2021-09-27T16:15:00+00:00,2021-09-27T21:45:00+05:30,pm25,104,µg/m³,28.647622,77.315809
5509,"Anand Vihar, Delhi - DPCC",Delhi,IN,2021-09-27T15:45:00+00:00,2021-09-27T21:15:00+05:30,pm25,25,µg/m³,28.647622,77.315809
5509,"Anand Vihar, Delhi - DPCC",Delhi,IN,2021-09-27T15:45:00+00:00,2021-09-27T21:15:00+05:30,pm10,186,µg/m³,28.647622,77.315809
5509,"Anand Vihar, Delhi - DPCC",Delhi,IN,2021-09-27T15:00:00+00:00,2021-09-27T20:30:00+05:30,pm10,338,µg/m³,28.647622,77.315809
5509,"Anand Vihar, Delhi - DPCC",Delhi,IN,2021-09-27T15:00:00+00:00,2021-09-27T20:30:00+05:30,pm25,100,µg/m³,28.647622,77.315809
5509,"Anand Vihar, Delhi - DPCC",Delhi,IN,2021-09-27T14:45:00+00:00,2021-09-27T20:15:00+05:30,pm25,100,µg/m³,28.647622,77.315809
5509,"Anand Vihar, Delhi - DPCC",Delhi,IN,2021-09-27T14:45:00+00:00,2021-09-27T20:15:00+05:30,pm10,338,µg/m³,28.647622,77.315809
5509,"Anand Vihar, Delhi - DPCC",Delhi,IN,2021-09-27T14:15:00+00:00,2021-09-27T19:45:00+05:30,pm10,338,µg/m³,28.647622,77.315809
5509,"Anand Vihar, Delhi - DPCC",Delhi,IN,2021-09-27T14:15:00+00:00,2021-09-27T19:45:00+05:30,pm25,100,µg/m³,28.647622,77.315809
5509,"Anand Vihar, Delhi - DPCC",Delhi,IN,2021-09-27T13:30:00+00:00,2021-09-27T19:00:00+05:30,pm25,112,µg/m³,28.647622,77.315809
5509,"Anand Vihar, Delhi - DPCC",Delhi,IN,2021-09-27T13:30:00+00:00,2021-09-27T19:00:00+05:30,pm10,382,µg/m³,28.647622,77.315809
5509,"Anand Vihar, Delhi - DPCC",Delhi,IN,2021-09-27T13:00:00+00:00,2021-09-27T18:30:00+05:30,pm10,229,µg/m³,28.647622,77.315809
5509,"Anand Vihar, Delhi - DPCC",Delhi,IN,2021-09-27T13:00:00+00:00,2021-09-27T18:30:00+05:30,pm25,92,µg/m³,28.647622,77.315809
5509,"Anand Vihar, Delhi - DPCC",Delhi,IN,2021-09-27T12:30:00+00:00,2021-09-27T18:00:00+05:30,pm25,92,µg/m³,28.647622,77.315809
5509,"Anand Vihar, Delhi - DPCC",Delhi,IN,2021-09-27T12:30:00+00:00,2021-09-27T18:00:00+05:30,pm10,229,µg/m³,28.647622,77.315809
5509,"Anand Vihar, Delhi - DPCC",Delhi,IN,2021-09-27T12:15:00+00:00,2021-09-27T17:45:00+05:30,pm25,92,µg/m³,28.647622,77.315809
5509,"Anand Vihar, Delhi - DPCC",Delhi,IN,2021-09-27T12:15:00+00:00,2021-09-27T17:45:00+05:30,pm10,229,µg/m³,28.647622,77.315809
5509,"Anand Vihar, Delhi - DPCC",Delhi,IN,2021-09-27T11:00:00+00:00,2021-09-27T16:30:00+05:30,pm10,155,µg/m³,28.647622,77.315809
5509,"Anand Vihar, Delhi - DPCC",Delhi,IN,2021-09-27T11:00:00+00:00,2021-09-27T16:30:00+05:30,pm25,46,µg/m³,28.647622,77.315809
5509,"Anand Vihar, Delhi - DPCC",Delhi,IN,2021-09-27T10:30:00+00:00,2021-09-27T16:00:00+05:30,pm10,155,µg/m³,28.647622,77.315809
5509,"Anand Vihar, Delhi - DPCC",Delhi,IN,2021-09-27T10:30:00+00:00,2021-09-27T16:00:00+05:30,pm25,46,µg/m³,28.647622,77.315809
5509,"Anand Vihar, Delhi - DPCC",Delhi,IN,2021-09-27T10:00:00+00:00,2021-09-27T15:30:00+05:30,pm25,43,µg/m³,28.647622,77.315809
5509,"Anand Vihar, Delhi - DPCC",Delhi,IN,2021-09-27T10:00:00+00:00,2021-09-27T15:30:00+05:30,pm10,124,µg/m³,28.647622,77.315809
5509,"Anand Vihar, Delhi - DPCC",Delhi,IN,2021-09-27T09:45:00+00:00,2021-09-27T15:15:00+05:30,pm25,43,µg/m³,28.647622,77.315809
5509,"Anand Vihar, Delhi - DPCC",Delhi,IN,2021-09-27T09:45:00+00:00,2021-09-27T15:15:00+05:30,pm10,124,µg/m³,28.647622,77.315809
5509,"Anand Vihar, Delhi - DPCC",Delhi,IN,2021-09-27T09:00:00+00:00,2021-09-27T14:30:00+05:30,pm25,34,µg/m³,28.647622,77.315809
5509,"Anand Vihar, Delhi - DPCC",Delhi,IN,2021-09-27T09:00:00+00:00,2021-09-27T14:30:00+05:30,pm10,145,µg/m³,28.647622,77.315809
5509,"Anand Vihar, Delhi - DPCC",Delhi,IN,2021-09-27T08:45:00+00:00,2021-09-27T14:15:00+05:30,pm25,34,µg/m³,28.647622,77.315809
5509,"Anand Vihar, Delhi - DPCC",Delhi,IN,2021-09-27T08:45:00+00:00,2021-09-27T14:15:00+05:30,pm10,145,µg/m³,28.647622,77.315809
5509,"Anand Vihar, Delhi - DPCC",Delhi,IN,2021-09-27T07:45:00+00:00,2021-09-27T13:15:00+05:30,pm25,18,µg/m³,28.647622,77.315809
5509,"Anand Vihar, Delhi - DPCC",Delhi,IN,2021-09-27T07:45:00+00:00,2021-09-27T13:15:00+05:30,pm10,123,µg/m³,28.647622,77.315809
5509,"Anand Vihar, Delhi - DPCC",Delhi,IN,2021-09-27T07:00:00+00:00,2021-09-27T12:30:00+05:30,pm25,39,µg/m³,28.647622,77.315809
5509,"Anand Vihar, Delhi - DPCC",Delhi,IN,2021-09-27T07:00:00+00:00,2021-09-27T12:30:00+05:30,pm10,196,µg/m³,28.647622,77.315809
5509,"Anand Vihar, Delhi - DPCC",Delhi,IN,2021-09-27T06:45:00+00:00,2021-09-27T12:15:00+05:30,pm10,196,µg/m³,28.647622,77.315809
5509,"Anand Vihar, Delhi - DPCC",Delhi,IN,2021-09-27T06:45:00+00:00,2021-09-27T12:15:00+05:30,pm25,39,µg/m³,28.647622,77.315809
5509,"Anand Vihar, Delhi - DPCC",Delhi,IN,2021-09-27T06:00:00+00:00,2021-09-27T11:30:00+05:30,pm25,83,µg/m³,28.647622,77.315809
5509,"Anand Vihar, Delhi - DPCC",Delhi,IN,2021-09-27T06:00:00+00:00,2021-09-27T11:30:00+05:30,pm10,125,µg/m³,28.647622,77.315809
5509,"Anand Vihar, Delhi - DPCC",Delhi,IN,2021-09-27T05:30:00+00:00,2021-09-27T11:00:00+05:30,pm10,125,µg/m³,28.647622,77.315809
5509,"Anand Vihar, Delhi - DPCC",Delhi,IN,2021-09-27T05:30:00+00:00,2021-09-27T11:00:00+05:30,pm25,83,µg/m³,28.647622,77.315809
5509,"Anand Vihar, Delhi - DPCC",Delhi,IN,2021-09-27T05:15:00+00:00,2021-09-27T10:45:00+05:30,pm25,83,µg/m³,28.647622,77.315809
5509,"Anand Vihar, Delhi - DPCC",Delhi,IN,2021-09-27T05:15:00+00:00,2021-09-27T10:45:00+05:30,pm10,125,µg/m³,28.647622,77.315809
5509,"Anand Vihar, Delhi - DPCC",Delhi,IN,2021-09-27T04:45:00+00:00,2021-09-27T10:15:00+05:30,pm10,168,µg/m³,28.647622,77.315809
5509,"Anand Vihar, Delhi - DPCC",Delhi,IN,2021-09-27T04:45:00+00:00,2021-09-27T10:15:00+05:30,pm25,57,µg/m³,28.647622,77.315809
5509,"Anand Vihar, Delhi - DPCC",Delhi,IN,2021-09-27T04:15:00+00:00,2021-09-27T09:45:00+05:30,pm10,168,µg/m³,28.647622,77.315809
5509,"Anand Vihar, Delhi - DPCC",Delhi,IN,2021-09-27T04:15:00+00:00,2021-09-27T09:45:00+05:30,pm25,57,µg/m³,28.647622,77.315809
5509,"Anand Vihar, Delhi - DPCC",Delhi,IN,2021-09-27T03:45:00+00:00,2021-09-27T09:15:00+05:30,pm25,64,µg/m³,28.647622,77.315809
5509,"Anand Vihar, Delhi - DPCC",Delhi,IN,2021-09-27T03:45:00+00:00,2021-09-27T09:15:00+05:30,pm10,178,µg/m³,28.647622,77.315809
5509,"Anand Vihar, Delhi - DPCC",Delhi,IN,2021-09-27T02:45:00+00:00,2021-09-27T08:15:00+05:30,pm10,96,µg/m³,28.647622,77.315809
5509,"Anand Vihar, Delhi - DPCC",Delhi,IN,2021-09-26T17:45:00+00:00,2021-09-26T23:15:00+05:30,pm10,140,µg/m³,28.647622,77.315809
5509,"Anand Vihar, Delhi - DPCC",Delhi,IN,2021-09-26T17:15:00+00:00,2021-09-26T22:45:00+05:30,pm10,140,µg/m³,28.647622,77.315809
5509,"Anand Vihar, Delhi - DPCC",Delhi,IN,2021-09-26T16:00:00+00:00,2021-09-26T21:30:00+05:30,pm10,157,µg/m³,28.647622,77.315809
5509,"Anand Vihar, Delhi - DPCC",Delhi,IN,2021-09-26T16:00:00+00:00,2021-09-26T21:30:00+05:30,pm25,89,µg/m³,28.647622,77.315809
5509,"Anand Vihar, Delhi - DPCC",Delhi,IN,2021-09-26T15:45:00+00:00,2021-09-26T21:15:00+05:30,pm25,89,µg/m³,28.647622,77.315809
5509,"Anand Vihar, Delhi - DPCC",Delhi,IN,2021-09-26T15:45:00+00:00,2021-09-26T21:15:00+05:30,pm10,157,µg/m³,28.647622,77.315809
5509,"Anand Vihar, Delhi - DPCC",Delhi,IN,2021-09-26T15:15:00+00:00,2021-09-26T20:45:00+05:30,pm25,89,µg/m³,28.647622,77.315809
5509,"Anand Vihar, Delhi - DPCC",Delhi,IN,2021-09-26T15:15:00+00:00,2021-09-26T20:45:00+05:30,pm10,157,µg/m³,28.647622,77.315809
5509,"Anand Vihar, Delhi - DPCC",Delhi,IN,2021-09-26T14:45:00+00:00,2021-09-26T20:15:00+05:30,pm10,155,µg/m³,28.647622,77.315809
5509,"Anand Vihar, Delhi - DPCC",Delhi,IN,2021-09-26T14:45:00+00:00,2021-09-26T20:15:00+05:30,pm25,70,µg/m³,28.647622,77.315809
5509,"Anand Vihar, Delhi - DPCC",Delhi,IN,2021-09-26T14:15:00+00:00,2021-09-26T19:45:00+05:30,pm10,155,µg/m³,28.647622,77.315809
5509,"Anand Vihar, Delhi - DPCC",Delhi,IN,2021-09-26T14:15:00+00:00,2021-09-26T19:45:00+05:30,pm25,70,µg/m³,28.647622,77.315809
5509,"Anand Vihar, Delhi - DPCC",Delhi,IN,2021-09-26T13:45:00+00:00,2021-09-26T19:15:00+05:30,pm10,127,µg/m³,28.647622,77.315809
5509,"Anand Vihar, Delhi - DPCC",Delhi,IN,2021-09-26T13:45:00+00:00,2021-09-26T19:15:00+05:30,pm25,57,µg/m³,28.647622,77.315809
5509,"Anand Vihar, Delhi - DPCC",Delhi,IN,2021-09-26T13:15:00+00:00,2021-09-26T18:45:00+05:30,pm10,127,µg/m³,28.647622,77.315809
5509,"Anand Vihar, Delhi - DPCC",Delhi,IN,2021-09-26T13:15:00+00:00,2021-09-26T18:45:00+05:30,pm25,57,µg/m³,28.647622,77.315809
5509,"Anand Vihar, Delhi - DPCC",Delhi,IN,2021-09-26T11:00:00+00:00,2021-09-26T16:30:00+05:30,pm10,81,µg/m³,28.647622,77.315809
5509,"Anand Vihar, Delhi - DPCC",Delhi,IN,2021-09-26T11:00:00+00:00,2021-09-26T16:30:00+05:30,pm25,26,µg/m³,28.647622,77.315809
5509,"Anand Vihar, Delhi - DPCC",Delhi,IN,2021-09-26T07:15:00+00:00,2021-09-26T12:45:00+05:30,pm10,31,µg/m³,28.647622,77.315809
5509,"Anand Vihar, Delhi - DPCC",Delhi,IN,2021-09-26T06:45:00+00:00,2021-09-26T12:15:00+05:30,pm25,216,µg/m³,28.647622,77.315809
5509,"Anand Vihar, Delhi - DPCC",Delhi,IN,2021-09-26T06:45:00+00:00,2021-09-26T12:15:00+05:30,pm10,90,µg/m³,28.647622,77.315809
5509,"Anand Vihar, Delhi - DPCC",Delhi,IN,2021-09-26T06:15:00+00:00,2021-09-26T11:45:00+05:30,pm10,90,µg/m³,28.647622,77.315809
5509,"Anand Vihar, Delhi - DPCC",Delhi,IN,2021-09-26T06:15:00+00:00,2021-09-26T11:45:00+05:30,pm25,216,µg/m³,28.647622,77.315809
5509,"Anand Vihar, Delhi - DPCC",Delhi,IN,2021-09-26T05:45:00+00:00,2021-09-26T11:15:00+05:30,pm10,92,µg/m³,28.647622,77.315809
5509,"Anand Vihar, Delhi - DPCC",Delhi,IN,2021-09-26T05:45:00+00:00,2021-09-26T11:15:00+05:30,pm25,205,µg/m³,28.647622,77.315809
5509,"Anand Vihar, Delhi - DPCC",Delhi,IN,2021-09-26T05:15:00+00:00,2021-09-26T10:45:00+05:30,pm25,205,µg/m³,28.647622,77.315809
5509,"Anand Vihar, Delhi - DPCC",Delhi,IN,2021-09-26T05:15:00+00:00,2021-09-26T10:45:00+05:30,pm10,92,µg/m³,28.647622,77.315809
5509,"Anand Vihar, Delhi - DPCC",Delhi,IN,2021-09-26T03:45:00+00:00,2021-09-26T09:15:00+05:30,pm25,39,µg/m³,28.647622,77.315809
5509,"Anand Vihar, Delhi - DPCC",Delhi,IN,2021-09-26T03:45:00+00:00,2021-09-26T09:15:00+05:30,pm10,140,µg/m³,28.647622,77.315809
5509,"Anand Vihar, Delhi - DPCC",Delhi,IN,2021-09-26T03:00:00+00:00,2021-09-26T08:30:00+05:30,pm25,35,µg/m³,28.647622,77.315809
5509,"Anand Vihar, Delhi - DPCC",Delhi,IN,2021-09-26T03:00:00+00:00,2021-09-26T08:30:00+05:30,pm10,83,µg/m³,28.647622,77.315809
5509,"Anand Vihar, Delhi - DPCC",Delhi,IN,2021-09-26T02:45:00+00:00,2021-09-26T08:15:00+05:30,pm10,83,µg/m³,28.647622,77.315809
5509,"Anand Vihar, Delhi - DPCC",Delhi,IN,2021-09-26T02:45:00+00:00,2021-09-26T08:15:00+05:30,pm25,35,µg/m³,28.647622,77.315809
5509,"Anand Vihar, Delhi - DPCC",Delhi,IN,2021-09-26T02:15:00+00:00,2021-09-26T07:45:00+05:30,pm25,35,µg/m³,28.647622,77.315809
5509,"Anand Vihar, Delhi - DPCC",Delhi,IN,2021-09-26T02:15:00+00:00,2021-09-26T07:45:00+05:30,pm10,83,µg/m³,28.647622,77.315809
5509,"Anand Vihar, Delhi - DPCC",Delhi,IN,2021-09-26T01:15:00+00:00,2021-09-26T06:45:00+05:30,pm10,58,µg/m³,28.647622,77.315809
5509,"Anand Vihar, Delhi - DPCC",Delhi,IN,2021-09-26T01:15:00+00:00,2021-09-26T06:45:00+05:30,pm25,40,µg/m³,28.647622,77.315809
5509,"Anand Vihar, Delhi - DPCC",Delhi,IN,2021-09-26T00:45:00+00:00,2021-09-26T06:15:00+05:30,pm10,35,µg/m³,28.647622,77.315809
5509,"Anand Vihar, Delhi - DPCC",Delhi,IN,2021-09-26T00:15:00+00:00,2021-09-26T05:45:00+05:30,pm10,35,µg/m³,28.647622,77.315809
5509,"Anand Vihar, Delhi - DPCC",Delhi,IN,2021-09-25T23:00:00+00:00,2021-09-26T04:30:00+05:30,pm10,79,µg/m³,28.647622,77.315809
5509,"Anand Vihar, Delhi - DPCC",Delhi,IN,2021-09-25T23:00:00+00:00,2021-09-26T04:30:00+05:30,pm25,55,µg/m³,28.647622,77.315809
5509,"Anand Vihar, Delhi - DPCC",Delhi,IN,2021-09-25T22:30:00+00:00,2021-09-26T04:00:00+05:30,pm25,55,µg/m³,28.647622,77.315809
5509,"Anand Vihar, Delhi - DPCC",Delhi,IN,2021-09-25T22:30:00+00:00,2021-09-26T04:00:00+05:30,pm10,79,µg/m³,28.647622,77.315809
5509,"Anand Vihar, Delhi - DPCC",Delhi,IN,2021-09-25T22:15:00+00:00,2021-09-26T03:45:00+05:30,pm10,79,µg/m³,28.647622,77.315809
5509,"Anand Vihar, Delhi - DPCC",Delhi,IN,2021-09-25T22:15:00+00:00,2021-09-26T03:45:00+05:30,pm25,55,µg/m³,28.647622,77.315809
5509,"Anand Vihar, Delhi - DPCC",Delhi,IN,2021-09-25T21:15:00+00:00,2021-09-26T02:45:00+05:30,pm10,99,µg/m³,28.647622,77.315809
5509,"Anand Vihar, Delhi - DPCC",Delhi,IN,2021-09-25T21:15:00+00:00,2021-09-26T02:45:00+05:30,pm25,60,µg/m³,28.647622,77.315809
5509,"Anand Vihar, Delhi - DPCC",Delhi,IN,2021-09-25T20:45:00+00:00,2021-09-26T02:15:00+05:30,pm10,111,µg/m³,28.647622,77.315809
5509,"Anand Vihar, Delhi - DPCC",Delhi,IN,2021-09-25T20:45:00+00:00,2021-09-26T02:15:00+05:30,pm25,36,µg/m³,28.647622,77.315809
5509,"Anand Vihar, Delhi - DPCC",Delhi,IN,2021-09-25T19:45:00+00:00,2021-09-26T01:15:00+05:30,pm25,11,µg/m³,28.647622,77.315809
5509,"Anand Vihar, Delhi - DPCC",Delhi,IN,2021-09-25T19:45:00+00:00,2021-09-26T01:15:00+05:30,pm10,47,µg/m³,28.647622,77.315809
5509,"Anand Vihar, Delhi - DPCC",Delhi,IN,2021-09-25T19:15:00+00:00,2021-09-26T00:45:00+05:30,pm10,47,µg/m³,28.647622,77.315809
5509,"Anand Vihar, Delhi - DPCC",Delhi,IN,2021-09-25T19:15:00+00:00,2021-09-26T00:45:00+05:30,pm25,11,µg/m³,28.647622,77.315809
5509,"Anand Vihar, Delhi - DPCC",Delhi,IN,2021-09-25T18:45:00+00:00,2021-09-26T00:15:00+05:30,pm10,42,µg/m³,28.647622,77.315809
5509,"Anand Vihar, Delhi - DPCC",Delhi,IN,2021-09-25T18:45:00+00:00,2021-09-26T00:15:00+05:30,pm25,20,µg/m³,28.647622,77.315809
5509,"Anand Vihar, Delhi - DPCC",Delhi,IN,2021-09-25T18:15:00+00:00,2021-09-25T23:45:00+05:30,pm10,42,µg/m³,28.647622,77.315809
5509,"Anand Vihar, Delhi - DPCC",Delhi,IN,2021-09-25T18:15:00+00:00,2021-09-25T23:45:00+05:30,pm25,20,µg/m³,28.647622,77.315809
5509,"Anand Vihar, Delhi - DPCC",Delhi,IN,2021-09-25T17:30:00+00:00,2021-09-25T23:00:00+05:30,pm25,17,µg/m³,28.647622,77.315809
5509,"Anand Vihar, Delhi - DPCC",Delhi,IN,2021-09-25T17:30:00+00:00,2021-09-25T23:00:00+05:30,pm10,50,µg/m³,28.647622,77.315809
5509,"Anand Vihar, Delhi - DPCC",Delhi,IN,2021-09-25T16:45:00+00:00,2021-09-25T22:15:00+05:30,pm10,84,µg/m³,28.647622,77.315809
5509,"Anand Vihar, Delhi - DPCC",Delhi,IN,2021-09-25T16:15:00+00:00,2021-09-25T21:45:00+05:30,pm10,84,µg/m³,28.647622,77.315809
5509,"Anand Vihar, Delhi - DPCC",Delhi,IN,2021-09-25T15:45:00+00:00,2021-09-25T21:15:00+05:30,pm10,158,µg/m³,28.647622,77.315809
5509,"Anand Vihar, Delhi - DPCC",Delhi,IN,2021-09-25T14:45:00+00:00,2021-09-25T20:15:00+05:30,pm10,92,µg/m³,28.647622,77.315809
5509,"Anand Vihar, Delhi - DPCC",Delhi,IN,2021-09-25T11:45:00+00:00,2021-09-25T17:15:00+05:30,pm10,139,µg/m³,28.647622,77.315809
5509,"Anand Vihar, Delhi - DPCC",Delhi,IN,2021-09-25T11:00:00+00:00,2021-09-25T16:30:00+05:30,pm10,96,µg/m³,28.647622,77.315809
5509,"Anand Vihar, Delhi - DPCC",Delhi,IN,2021-09-25T10:45:00+00:00,2021-09-25T16:15:00+05:30,pm10,96,µg/m³,28.647622,77.315809
5509,"Anand Vihar, Delhi - DPCC",Delhi,IN,2021-09-25T10:00:00+00:00,2021-09-25T15:30:00+05:30,pm10,80,µg/m³,28.647622,77.315809
5509,"Anand Vihar, Delhi - DPCC",Delhi,IN,2021-09-25T09:45:00+00:00,2021-09-25T15:15:00+05:30,pm10,80,µg/m³,28.647622,77.315809
5509,"Anand Vihar, Delhi - DPCC",Delhi,IN,2021-09-25T09:15:00+00:00,2021-09-25T14:45:00+05:30,pm10,80,µg/m³,28.647622,77.315809
5509,"Anand Vihar, Delhi - DPCC",Delhi,IN,2021-09-25T07:45:00+00:00,2021-09-25T13:15:00+05:30,pm10,18,µg/m³,28.647622,77.315809
5509,"Anand Vihar, Delhi - DPCC",Delhi,IN,2021-09-25T06:00:00+00:00,2021-09-25T11:30:00+05:30,pm10,136,µg/m³,28.647622,77.315809
5509,"Anand Vihar, Delhi - DPCC",Delhi,IN,2021-09-25T05:45:00+00:00,2021-09-25T11:15:00+05:30,pm10,136,µg/m³,28.647622,77.315809
5509,"Anand Vihar, Delhi - DPCC",Delhi,IN,2021-09-25T05:15:00+00:00,2021-09-25T10:45:00+05:30,pm10,136,µg/m³,28.647622,77.315809
5509,"Anand Vihar, Delhi - DPCC",Delhi,IN,2021-09-25T04:30:00+00:00,2021-09-25T10:00:00+05:30,pm10,149,µg/m³,28.647622,77.315809
5509,"Anand Vihar, Delhi - DPCC",Delhi,IN,2021-09-25T04:15:00+00:00,2021-09-25T09:45:00+05:30,pm10,149,µg/m³,28.647622,77.315809
5509,"Anand Vihar, Delhi - DPCC",Delhi,IN,2021-09-25T03:45:00+00:00,2021-09-25T09:15:00+05:30,pm10,123,µg/m³,28.647622,77.315809
5509,"Anand Vihar, Delhi - DPCC",Delhi,IN,2021-09-25T02:45:00+00:00,2021-09-25T08:15:00+05:30,pm10,106,µg/m³,28.647622,77.315809
5509,"Anand Vihar, Delhi - DPCC",Delhi,IN,2021-09-25T02:00:00+00:00,2021-09-25T07:30:00+05:30,pm10,89,µg/m³,28.647622,77.315809
5509,"Anand Vihar, Delhi - DPCC",Delhi,IN,2021-09-25T01:45:00+00:00,2021-09-25T07:15:00+05:30,pm10,89,µg/m³,28.647622,77.315809
5509,"Anand Vihar, Delhi - DPCC",Delhi,IN,2021-09-25T01:15:00+00:00,2021-09-25T06:45:00+05:30,pm10,89,µg/m³,28.647622,77.315809
5509,"Anand Vihar, Delhi - DPCC",Delhi,IN,2021-09-24T23:45:00+00:00,2021-09-25T05:15:00+05:30,pm10,73,µg/m³,28.647622,77.315809
5509,"Anand Vihar, Delhi - DPCC",Delhi,IN,2021-09-24T23:15:00+00:00,2021-09-25T04:45:00+05:30,pm10,73,µg/m³,28.647622,77.315809
5509,"Anand Vihar, Delhi - DPCC",Delhi,IN,2021-09-24T22:45:00+00:00,2021-09-25T04:15:00+05:30,pm10,88,µg/m³,28.647622,77.315809
5509,"Anand Vihar, Delhi - DPCC",Delhi,IN,2021-09-24T21:45:00+00:00,2021-09-25T03:15:00+05:30,pm10,144,µg/m³,28.647622,77.315809
5509,"Anand Vihar, Delhi - DPCC",Delhi,IN,2021-09-24T21:15:00+00:00,2021-09-25T02:45:00+05:30,pm10,144,µg/m³,28.647622,77.315809
5509,"Anand Vihar, Delhi - DPCC",Delhi,IN,2021-09-24T20:30:00+00:00,2021-09-25T02:00:00+05:30,pm10,108,µg/m³,28.647622,77.315809
5509,"Anand Vihar, Delhi - DPCC",Delhi,IN,2021-09-24T19:45:00+00:00,2021-09-25T01:15:00+05:30,pm10,57,µg/m³,28.647622,77.315809
5509,"Anand Vihar, Delhi - DPCC",Delhi,IN,2021-09-24T19:00:00+00:00,2021-09-25T00:30:00+05:30,pm10,96,µg/m³,28.647622,77.315809
5509,"Anand Vihar, Delhi - DPCC",Delhi,IN,2021-09-24T18:45:00+00:00,2021-09-25T00:15:00+05:30,pm10,96,µg/m³,28.647622,77.315809
5509,"Anand Vihar, Delhi - DPCC",Delhi,IN,2021-09-24T18:15:00+00:00,2021-09-24T23:45:00+05:30,pm10,96,µg/m³,28.647622,77.315809
5509,"Anand Vihar, Delhi - DPCC",Delhi,IN,2021-09-24T17:45:00+00:00,2021-09-24T23:15:00+05:30,pm10,97,µg/m³,28.647622,77.315809
5509,"Anand Vihar, Delhi - DPCC",Delhi,IN,2021-09-24T17:00:00+00:00,2021-09-24T22:30:00+05:30,pm10,110,µg/m³,28.647622,77.315809
5509,"Anand Vihar, Delhi - DPCC",Delhi,IN,2021-09-24T16:45:00+00:00,2021-09-24T22:15:00+05:30,pm10,110,µg/m³,28.647622,77.315809
5509,"Anand Vihar, Delhi - DPCC",Delhi,IN,2021-09-24T04:15:00+00:00,2021-09-24T09:45:00+05:30,pm10,139,µg/m³,28.647622,77.315809
5509,"Anand Vihar, Delhi - DPCC",Delhi,IN,2021-09-24T02:45:00+00:00,2021-09-24T08:15:00+05:30,pm25,38,µg/m³,28.647622,77.315809
5509,"Anand Vihar, Delhi - DPCC",Delhi,IN,2021-09-24T02:45:00+00:00,2021-09-24T08:15:00+05:30,pm10,86,µg/m³,28.647622,77.315809
5509,"Anand Vihar, Delhi - DPCC",Delhi,IN,2021-09-23T23:15:00+00:00,2021-09-24T04:45:00+05:30,pm25,28,µg/m³,28.647622,77.315809
5509,"Anand Vihar, Delhi - DPCC",Delhi,IN,2021-09-23T23:15:00+00:00,2021-09-24T04:45:00+05:30,pm10,67,µg/m³,28.647622,77.315809
5509,"Anand Vihar, Delhi - DPCC",Delhi,IN,2021-09-23T14:45:00+00:00,2021-09-23T20:15:00+05:30,pm10,320,µg/m³,28.647622,77.315809
5509,"Anand Vihar, Delhi - DPCC",Delhi,IN,2021-09-23T14:45:00+00:00,2021-09-23T20:15:00+05:30,pm25,77,µg/m³,28.647622,77.315809
5509,"Anand Vihar, Delhi - DPCC",Delhi,IN,2021-09-23T11:45:00+00:00,2021-09-23T17:15:00+05:30,pm10,70,µg/m³,28.647622,77.315809
5509,"Anand Vihar, Delhi - DPCC",Delhi,IN,2021-09-23T11:45:00+00:00,2021-09-23T17:15:00+05:30,pm25,27,µg/m³,28.647622,77.315809
5509,"Anand Vihar, Delhi - DPCC",Delhi,IN,2021-09-23T06:15:00+00:00,2021-09-23T11:45:00+05:30,pm25,37,µg/m³,28.647622,77.315809
5509,"Anand Vihar, Delhi - DPCC",Delhi,IN,2021-09-23T06:15:00+00:00,2021-09-23T11:45:00+05:30,pm10,86,µg/m³,28.647622,77.315809
5509,"Anand Vihar, Delhi - DPCC",Delhi,IN,2021-09-22T21:15:00+00:00,2021-09-23T02:45:00+05:30,pm25,25,µg/m³,28.647622,77.315809
5509,"Anand Vihar, Delhi - DPCC",Delhi,IN,2021-09-22T21:15:00+00:00,2021-09-23T02:45:00+05:30,pm10,75,µg/m³,28.647622,77.315809
5509,"Anand Vihar, Delhi - DPCC",Delhi,IN,2021-09-22T17:45:00+00:00,2021-09-22T23:15:00+05:30,pm25,44,µg/m³,28.647622,77.315809
5509,"Anand Vihar, Delhi - DPCC",Delhi,IN,2021-09-22T17:45:00+00:00,2021-09-22T23:15:00+05:30,pm10,88,µg/m³,28.647622,77.315809
5509,"Anand Vihar, Delhi - DPCC",Delhi,IN,2021-09-22T17:15:00+00:00,2021-09-22T22:45:00+05:30,pm10,88,µg/m³,28.647622,77.315809
5509,"Anand Vihar, Delhi - DPCC",Delhi,IN,2021-09-22T17:15:00+00:00,2021-09-22T22:45:00+05:30,pm25,44,µg/m³,28.647622,77.315809
5509,"Anand Vihar, Delhi - DPCC",Delhi,IN,2021-09-22T16:15:00+00:00,2021-09-22T21:45:00+05:30,pm25,35,µg/m³,28.647622,77.315809
5509,"Anand Vihar, Delhi - DPCC",Delhi,IN,2021-09-22T16:15:00+00:00,2021-09-22T21:45:00+05:30,pm10,61,µg/m³,28.647622,77.315809
5509,"Anand Vihar, Delhi - DPCC",Delhi,IN,2021-09-22T15:15:00+00:00,2021-09-22T20:45:00+05:30,pm10,18,µg/m³,28.647622,77.315809
5509,"Anand Vihar, Delhi - DPCC",Delhi,IN,2021-09-22T14:15:00+00:00,2021-09-22T19:45:00+05:30,pm25,35,µg/m³,28.647622,77.315809
5509,"Anand Vihar, Delhi - DPCC",Delhi,IN,2021-09-22T14:15:00+00:00,2021-09-22T19:45:00+05:30,pm10,86,µg/m³,28.647622,77.315809
5509,"Anand Vihar, Delhi - DPCC",Delhi,IN,2021-09-22T13:15:00+00:00,2021-09-22T18:45:00+05:30,pm10,122,µg/m³,28.647622,77.315809
5509,"Anand Vihar, Delhi - DPCC",Delhi,IN,2021-09-22T13:15:00+00:00,2021-09-22T18:45:00+05:30,pm25,56,µg/m³,28.647622,77.315809
5509,"Anand Vihar, Delhi - DPCC",Delhi,IN,2021-09-22T11:15:00+00:00,2021-09-22T16:45:00+05:30,pm25,77,µg/m³,28.647622,77.315809
5509,"Anand Vihar, Delhi - DPCC",Delhi,IN,2021-09-22T11:15:00+00:00,2021-09-22T16:45:00+05:30,pm10,298,µg/m³,28.647622,77.315809
5509,"Anand Vihar, Delhi - DPCC",Delhi,IN,2021-09-22T10:15:00+00:00,2021-09-22T15:45:00+05:30,pm25,33,µg/m³,28.647622,77.315809
5509,"Anand Vihar, Delhi - DPCC",Delhi,IN,2021-09-22T10:15:00+00:00,2021-09-22T15:45:00+05:30,pm10,63,µg/m³,28.647622,77.315809
5509,"Anand Vihar, Delhi - DPCC",Delhi,IN,2021-09-22T09:15:00+00:00,2021-09-22T14:45:00+05:30,pm10,45,µg/m³,28.647622,77.315809
5509,"Anand Vihar, Delhi - DPCC",Delhi,IN,2021-09-22T09:15:00+00:00,2021-09-22T14:45:00+05:30,pm25,18,µg/m³,28.647622,77.315809
5509,"Anand Vihar, Delhi - DPCC",Delhi,IN,2021-09-22T08:15:00+00:00,2021-09-22T13:45:00+05:30,pm10,34,µg/m³,28.647622,77.315809
5509,"Anand Vihar, Delhi - DPCC",Delhi,IN,2021-09-22T08:15:00+00:00,2021-09-22T13:45:00+05:30,pm25,10,µg/m³,28.647622,77.315809
5509,"Anand Vihar, Delhi - DPCC",Delhi,IN,2021-09-22T07:45:00+00:00,2021-09-22T13:15:00+05:30,pm10,6,µg/m³,28.647622,77.315809
5509,"Anand Vihar, Delhi - DPCC",Delhi,IN,2021-09-22T06:15:00+00:00,2021-09-22T11:45:00+05:30,pm25,23,µg/m³,28.647622,77.315809
5509,"Anand Vihar, Delhi - DPCC",Delhi,IN,2021-09-22T06:15:00+00:00,2021-09-22T11:45:00+05:30,pm10,64,µg/m³,28.647622,77.315809
5509,"Anand Vihar, Delhi - DPCC",Delhi,IN,2021-09-22T05:15:00+00:00,2021-09-22T10:45:00+05:30,pm10,64,µg/m³,28.647622,77.315809
5509,"Anand Vihar, Delhi - DPCC",Delhi,IN,2021-09-22T05:15:00+00:00,2021-09-22T10:45:00+05:30,pm25,21,µg/m³,28.647622,77.315809
5509,"Anand Vihar, Delhi - DPCC",Delhi,IN,2021-09-22T03:15:00+00:00,2021-09-22T08:45:00+05:30,pm10,114,µg/m³,28.647622,77.315809
5509,"Anand Vihar, Delhi - DPCC",Delhi,IN,2021-09-22T03:15:00+00:00,2021-09-22T08:45:00+05:30,pm25,28,µg/m³,28.647622,77.315809
5509,"Anand Vihar, Delhi - DPCC",Delhi,IN,2021-09-22T02:45:00+00:00,2021-09-22T08:15:00+05:30,pm25,49,µg/m³,28.647622,77.315809
5509,"Anand Vihar, Delhi - DPCC",Delhi,IN,2021-09-22T02:45:00+00:00,2021-09-22T08:15:00+05:30,pm10,89,µg/m³,28.647622,77.315809
5509,"Anand Vihar, Delhi - DPCC",Delhi,IN,2021-09-22T02:15:00+00:00,2021-09-22T07:45:00+05:30,pm25,49,µg/m³,28.647622,77.315809
5509,"Anand Vihar, Delhi - DPCC",Delhi,IN,2021-09-22T02:15:00+00:00,2021-09-22T07:45:00+05:30,pm10,89,µg/m³,28.647622,77.315809
5509,"Anand Vihar, Delhi - DPCC",Delhi,IN,2021-09-22T01:15:00+00:00,2021-09-22T06:45:00+05:30,pm25,31,µg/m³,28.647622,77.315809
5509,"Anand Vihar, Delhi - DPCC",Delhi,IN,2021-09-22T01:15:00+00:00,2021-09-22T06:45:00+05:30,pm10,62,µg/m³,28.647622,77.315809
5509,"Anand Vihar, Delhi - DPCC",Delhi,IN,2021-09-21T23:45:00+00:00,2021-09-22T05:15:00+05:30,pm10,110,µg/m³,28.647622,77.315809
5509,"Anand Vihar, Delhi - DPCC",Delhi,IN,2021-09-21T23:45:00+00:00,2021-09-22T05:15:00+05:30,pm25,65,µg/m³,28.647622,77.315809
5509,"Anand Vihar, Delhi - DPCC",Delhi,IN,2021-09-21T19:45:00+00:00,2021-09-22T01:15:00+05:30,pm25,33,µg/m³,28.647622,77.315809
5509,"Anand Vihar, Delhi - DPCC",Delhi,IN,2021-09-21T19:45:00+00:00,2021-09-22T01:15:00+05:30,pm10,86,µg/m³,28.647622,77.315809
5509,"Anand Vihar, Delhi - DPCC",Delhi,IN,2021-09-21T18:15:00+00:00,2021-09-21T23:45:00+05:30,pm10,85,µg/m³,28.647622,77.315809
5509,"Anand Vihar, Delhi - DPCC",Delhi,IN,2021-09-21T18:15:00+00:00,2021-09-21T23:45:00+05:30,pm25,40,µg/m³,28.647622,77.315809
5509,"Anand Vihar, Delhi - DPCC",Delhi,IN,2021-09-21T17:15:00+00:00,2021-09-21T22:45:00+05:30,pm10,84,µg/m³,28.647622,77.315809
5509,"Anand Vihar, Delhi - DPCC",Delhi,IN,2021-09-21T17:15:00+00:00,2021-09-21T22:45:00+05:30,pm25,37,µg/m³,28.647622,77.315809
5509,"Anand Vihar, Delhi - DPCC",Delhi,IN,2021-09-21T16:45:00+00:00,2021-09-21T22:15:00+05:30,pm25,32,µg/m³,28.647622,77.315809
5509,"Anand Vihar, Delhi - DPCC",Delhi,IN,2021-09-21T16:45:00+00:00,2021-09-21T22:15:00+05:30,pm10,90,µg/m³,28.647622,77.315809
5509,"Anand Vihar, Delhi - DPCC",Delhi,IN,2021-09-21T16:15:00+00:00,2021-09-21T21:45:00+05:30,pm25,32,µg/m³,28.647622,77.315809
5509,"Anand Vihar, Delhi - DPCC",Delhi,IN,2021-09-21T16:15:00+00:00,2021-09-21T21:45:00+05:30,pm10,90,µg/m³,28.647622,77.315809
5509,"Anand Vihar, Delhi - DPCC",Delhi,IN,2021-09-21T15:45:00+00:00,2021-09-21T21:15:00+05:30,pm25,16,µg/m³,28.647622,77.315809
5509,"Anand Vihar, Delhi - DPCC",Delhi,IN,2021-09-21T15:45:00+00:00,2021-09-21T21:15:00+05:30,pm10,63,µg/m³,28.647622,77.315809
5509,"Anand Vihar, Delhi - DPCC",Delhi,IN,2021-09-21T15:15:00+00:00,2021-09-21T20:45:00+05:30,pm10,63,µg/m³,28.647622,77.315809
5509,"Anand Vihar, Delhi - DPCC",Delhi,IN,2021-09-21T15:15:00+00:00,2021-09-21T20:45:00+05:30,pm25,16,µg/m³,28.647622,77.315809
5509,"Anand Vihar, Delhi - DPCC",Delhi,IN,2021-09-21T14:45:00+00:00,2021-09-21T20:15:00+05:30,pm10,105,µg/m³,28.647622,77.315809
5509,"Anand Vihar, Delhi - DPCC",Delhi,IN,2021-09-21T14:45:00+00:00,2021-09-21T20:15:00+05:30,pm25,58,µg/m³,28.647622,77.315809
5509,"Anand Vihar, Delhi - DPCC",Delhi,IN,2021-09-21T13:45:00+00:00,2021-09-21T19:15:00+05:30,pm25,69,µg/m³,28.647622,77.315809
5509,"Anand Vihar, Delhi - DPCC",Delhi,IN,2021-09-21T13:45:00+00:00,2021-09-21T19:15:00+05:30,pm10,141,µg/m³,28.647622,77.315809
5509,"Anand Vihar, Delhi - DPCC",Delhi,IN,2021-09-21T13:15:00+00:00,2021-09-21T18:45:00+05:30,pm25,69,µg/m³,28.647622,77.315809
5509,"Anand Vihar, Delhi - DPCC",Delhi,IN,2021-09-21T13:15:00+00:00,2021-09-21T18:45:00+05:30,pm10,141,µg/m³,28.647622,77.315809
5509,"Anand Vihar, Delhi - DPCC",Delhi,IN,2021-09-21T12:45:00+00:00,2021-09-21T18:15:00+05:30,pm25,63,µg/m³,28.647622,77.315809
5509,"Anand Vihar, Delhi - DPCC",Delhi,IN,2021-09-21T12:45:00+00:00,2021-09-21T18:15:00+05:30,pm10,143,µg/m³,28.647622,77.315809
5509,"Anand Vihar, Delhi - DPCC",Delhi,IN,2021-09-21T12:15:00+00:00,2021-09-21T17:45:00+05:30,pm10,143,µg/m³,28.647622,77.315809
5509,"Anand Vihar, Delhi - DPCC",Delhi,IN,2021-09-21T12:15:00+00:00,2021-09-21T17:45:00+05:30,pm25,63,µg/m³,28.647622,77.315809
5509,"Anand Vihar, Delhi - DPCC",Delhi,IN,2021-09-21T11:45:00+00:00,2021-09-21T17:15:00+05:30,pm10,124,µg/m³,28.647622,77.315809
5509,"Anand Vihar, Delhi - DPCC",Delhi,IN,2021-09-21T11:45:00+00:00,2021-09-21T17:15:00+05:30,pm25,52,µg/m³,28.647622,77.315809
5509,"Anand Vihar, Delhi - DPCC",Delhi,IN,2021-09-21T11:15:00+00:00,2021-09-21T16:45:00+05:30,pm25,52,µg/m³,28.647622,77.315809
5509,"Anand Vihar, Delhi - DPCC",Delhi,IN,2021-09-21T11:15:00+00:00,2021-09-21T16:45:00+05:30,pm10,124,µg/m³,28.647622,77.315809
5509,"Anand Vihar, Delhi - DPCC",Delhi,IN,2021-09-21T10:15:00+00:00,2021-09-21T15:45:00+05:30,pm25,41,µg/m³,28.647622,77.315809
5509,"Anand Vihar, Delhi - DPCC",Delhi,IN,2021-09-21T10:15:00+00:00,2021-09-21T15:45:00+05:30,pm10,78,µg/m³,28.647622,77.315809
5509,"Anand Vihar, Delhi - DPCC",Delhi,IN,2021-09-21T09:45:00+00:00,2021-09-21T15:15:00+05:30,pm10,68,µg/m³,28.647622,77.315809
5509,"Anand Vihar, Delhi - DPCC",Delhi,IN,2021-09-21T09:45:00+00:00,2021-09-21T15:15:00+05:30,pm25,41,µg/m³,28.647622,77.315809
5509,"Anand Vihar, Delhi - DPCC",Delhi,IN,2021-09-21T09:15:00+00:00,2021-09-21T14:45:00+05:30,pm25,41,µg/m³,28.647622,77.315809
5509,"Anand Vihar, Delhi - DPCC",Delhi,IN,2021-09-21T09:15:00+00:00,2021-09-21T14:45:00+05:30,pm10,68,µg/m³,28.647622,77.315809
5509,"Anand Vihar, Delhi - DPCC",Delhi,IN,2021-09-21T08:45:00+00:00,2021-09-21T14:15:00+05:30,pm25,9,µg/m³,28.647622,77.315809
5509,"Anand Vihar, Delhi - DPCC",Delhi,IN,2021-09-21T08:45:00+00:00,2021-09-21T14:15:00+05:30,pm10,7,µg/m³,28.647622,77.315809
5509,"Anand Vihar, Delhi - DPCC",Delhi,IN,2021-09-21T08:15:00+00:00,2021-09-21T13:45:00+05:30,pm10,7,µg/m³,28.647622,77.315809
5509,"Anand Vihar, Delhi - DPCC",Delhi,IN,2021-09-21T08:15:00+00:00,2021-09-21T13:45:00+05:30,pm25,9,µg/m³,28.647622,77.315809
5509,"Anand Vihar, Delhi - DPCC",Delhi,IN,2021-09-21T05:45:00+00:00,2021-09-21T11:15:00+05:30,pm10,102,µg/m³,28.647622,77.315809
5509,"Anand Vihar, Delhi - DPCC",Delhi,IN,2021-09-21T05:45:00+00:00,2021-09-21T11:15:00+05:30,pm25,56,µg/m³,28.647622,77.315809
5509,"Anand Vihar, Delhi - DPCC",Delhi,IN,2021-09-21T05:15:00+00:00,2021-09-21T10:45:00+05:30,pm10,102,µg/m³,28.647622,77.315809
5509,"Anand Vihar, Delhi - DPCC",Delhi,IN,2021-09-21T05:15:00+00:00,2021-09-21T10:45:00+05:30,pm25,56,µg/m³,28.647622,77.315809
5509,"Anand Vihar, Delhi - DPCC",Delhi,IN,2021-09-21T04:45:00+00:00,2021-09-21T10:15:00+05:30,pm25,61,µg/m³,28.647622,77.315809
5509,"Anand Vihar, Delhi - DPCC",Delhi,IN,2021-09-21T04:45:00+00:00,2021-09-21T10:15:00+05:30,pm10,153,µg/m³,28.647622,77.315809
5509,"Anand Vihar, Delhi - DPCC",Delhi,IN,2021-09-21T03:45:00+00:00,2021-09-21T09:15:00+05:30,pm25,62,µg/m³,28.647622,77.315809
5509,"Anand Vihar, Delhi - DPCC",Delhi,IN,2021-09-21T03:45:00+00:00,2021-09-21T09:15:00+05:30,pm10,149,µg/m³,28.647622,77.315809
5509,"Anand Vihar, Delhi - DPCC",Delhi,IN,2021-09-21T03:15:00+00:00,2021-09-21T08:45:00+05:30,pm25,62,µg/m³,28.647622,77.315809
5509,"Anand Vihar, Delhi - DPCC",Delhi,IN,2021-09-21T03:15:00+00:00,2021-09-21T08:45:00+05:30,pm10,149,µg/m³,28.647622,77.315809
5509,"Anand Vihar, Delhi - DPCC",Delhi,IN,2021-09-21T02:15:00+00:00,2021-09-21T07:45:00+05:30,pm10,108,µg/m³,28.647622,77.315809
5509,"Anand Vihar, Delhi - DPCC",Delhi,IN,2021-09-21T02:15:00+00:00,2021-09-21T07:45:00+05:30,pm25,47,µg/m³,28.647622,77.315809
5509,"Anand Vihar, Delhi - DPCC",Delhi,IN,2021-09-21T01:45:00+00:00,2021-09-21T07:15:00+05:30,pm10,69,µg/m³,28.647622,77.315809
5509,"Anand Vihar, Delhi - DPCC",Delhi,IN,2021-09-21T01:45:00+00:00,2021-09-21T07:15:00+05:30,pm25,30,µg/m³,28.647622,77.315809
5509,"Anand Vihar, Delhi - DPCC",Delhi,IN,2021-09-21T01:15:00+00:00,2021-09-21T06:45:00+05:30,pm25,30,µg/m³,28.647622,77.315809
5509,"Anand Vihar, Delhi - DPCC",Delhi,IN,2021-09-21T01:15:00+00:00,2021-09-21T06:45:00+05:30,pm10,69,µg/m³,28.647622,77.315809
5509,"Anand Vihar, Delhi - DPCC",Delhi,IN,2021-09-21T00:45:00+00:00,2021-09-21T06:15:00+05:30,pm10,11,µg/m³,28.647622,77.315809
5509,"Anand Vihar, Delhi - DPCC",Delhi,IN,2021-09-21T00:15:00+00:00,2021-09-21T05:45:00+05:30,pm10,11,µg/m³,28.647622,77.315809
5509,"Anand Vihar, Delhi - DPCC",Delhi,IN,2021-09-20T23:45:00+00:00,2021-09-21T05:15:00+05:30,pm25,35,µg/m³,28.647622,77.315809
5509,"Anand Vihar, Delhi - DPCC",Delhi,IN,2021-09-20T23:45:00+00:00,2021-09-21T05:15:00+05:30,pm10,67,µg/m³,28.647622,77.315809
5509,"Anand Vihar, Delhi - DPCC",Delhi,IN,2021-09-20T23:15:00+00:00,2021-09-21T04:45:00+05:30,pm25,35,µg/m³,28.647622,77.315809
5509,"Anand Vihar, Delhi - DPCC",Delhi,IN,2021-09-20T23:15:00+00:00,2021-09-21T04:45:00+05:30,pm10,67,µg/m³,28.647622,77.315809
5509,"Anand Vihar, Delhi - DPCC",Delhi,IN,2021-09-20T22:45:00+00:00,2021-09-21T04:15:00+05:30,pm25,73,µg/m³,28.647622,77.315809
5509,"Anand Vihar, Delhi - DPCC",Delhi,IN,2021-09-20T22:45:00+00:00,2021-09-21T04:15:00+05:30,pm10,97,µg/m³,28.647622,77.315809
5509,"Anand Vihar, Delhi - DPCC",Delhi,IN,2021-09-20T22:15:00+00:00,2021-09-21T03:45:00+05:30,pm10,97,µg/m³,28.647622,77.315809
5509,"Anand Vihar, Delhi - DPCC",Delhi,IN,2021-09-20T22:15:00+00:00,2021-09-21T03:45:00+05:30,pm25,73,µg/m³,28.647622,77.315809
5509,"Anand Vihar, Delhi - DPCC",Delhi,IN,2021-09-20T21:15:00+00:00,2021-09-21T02:45:00+05:30,pm10,141,µg/m³,28.647622,77.315809
5509,"Anand Vihar, Delhi - DPCC",Delhi,IN,2021-09-20T21:15:00+00:00,2021-09-21T02:45:00+05:30,pm25,50,µg/m³,28.647622,77.315809
5509,"Anand Vihar, Delhi - DPCC",Delhi,IN,2021-09-20T20:45:00+00:00,2021-09-21T02:15:00+05:30,pm25,47,µg/m³,28.647622,77.315809
5509,"Anand Vihar, Delhi - DPCC",Delhi,IN,2021-09-20T20:45:00+00:00,2021-09-21T02:15:00+05:30,pm10,140,µg/m³,28.647622,77.315809
5509,"Anand Vihar, Delhi - DPCC",Delhi,IN,2021-09-20T20:15:00+00:00,2021-09-21T01:45:00+05:30,pm10,140,µg/m³,28.647622,77.315809
5509,"Anand Vihar, Delhi - DPCC",Delhi,IN,2021-09-20T20:15:00+00:00,2021-09-21T01:45:00+05:30,pm25,47,µg/m³,28.647622,77.315809
5509,"Anand Vihar, Delhi - DPCC",Delhi,IN,2021-09-20T18:15:00+00:00,2021-09-20T23:45:00+05:30,pm10,121,µg/m³,28.647622,77.315809
5509,"Anand Vihar, Delhi - DPCC",Delhi,IN,2021-09-20T18:15:00+00:00,2021-09-20T23:45:00+05:30,pm25,59,µg/m³,28.647622,77.315809
5509,"Anand Vihar, Delhi - DPCC",Delhi,IN,2021-09-20T17:45:00+00:00,2021-09-20T23:15:00+05:30,pm25,34,µg/m³,28.647622,77.315809
5509,"Anand Vihar, Delhi - DPCC",Delhi,IN,2021-09-20T17:45:00+00:00,2021-09-20T23:15:00+05:30,pm10,97,µg/m³,28.647622,77.315809
5509,"Anand Vihar, Delhi - DPCC",Delhi,IN,2021-09-20T17:15:00+00:00,2021-09-20T22:45:00+05:30,pm10,97,µg/m³,28.647622,77.315809
5509,"Anand Vihar, Delhi - DPCC",Delhi,IN,2021-09-20T17:15:00+00:00,2021-09-20T22:45:00+05:30,pm25,34,µg/m³,28.647622,77.315809
5509,"Anand Vihar, Delhi - DPCC",Delhi,IN,2021-09-20T16:45:00+00:00,2021-09-20T22:15:00+05:30,pm25,26,µg/m³,28.647622,77.315809
5509,"Anand Vihar, Delhi - DPCC",Delhi,IN,2021-09-20T16:45:00+00:00,2021-09-20T22:15:00+05:30,pm10,80,µg/m³,28.647622,77.315809
5509,"Anand Vihar, Delhi - DPCC",Delhi,IN,2021-09-20T16:15:00+00:00,2021-09-20T21:45:00+05:30,pm10,80,µg/m³,28.647622,77.315809
5509,"Anand Vihar, Delhi - DPCC",Delhi,IN,2021-09-20T16:15:00+00:00,2021-09-20T21:45:00+05:30,pm25,26,µg/m³,28.647622,77.315809
5509,"Anand Vihar, Delhi - DPCC",Delhi,IN,2021-09-20T15:45:00+00:00,2021-09-20T21:15:00+05:30,pm10,55,µg/m³,28.647622,77.315809
5509,"Anand Vihar, Delhi - DPCC",Delhi,IN,2021-09-20T15:15:00+00:00,2021-09-20T20:45:00+05:30,pm10,55,µg/m³,28.647622,77.315809
5509,"Anand Vihar, Delhi - DPCC",Delhi,IN,2021-09-20T14:15:00+00:00,2021-09-20T19:45:00+05:30,pm10,110,µg/m³,28.647622,77.315809
5509,"Anand Vihar, Delhi - DPCC",Delhi,IN,2021-09-20T14:15:00+00:00,2021-09-20T19:45:00+05:30,pm25,37,µg/m³,28.647622,77.315809
5509,"Anand Vihar, Delhi - DPCC",Delhi,IN,2021-09-20T13:45:00+00:00,2021-09-20T19:15:00+05:30,pm25,41,µg/m³,28.647622,77.315809
5509,"Anand Vihar, Delhi - DPCC",Delhi,IN,2021-09-20T13:45:00+00:00,2021-09-20T19:15:00+05:30,pm10,110,µg/m³,28.647622,77.315809
5509,"Anand Vihar, Delhi - DPCC",Delhi,IN,2021-09-20T13:15:00+00:00,2021-09-20T18:45:00+05:30,pm25,41,µg/m³,28.647622,77.315809
5509,"Anand Vihar, Delhi - DPCC",Delhi,IN,2021-09-20T13:15:00+00:00,2021-09-20T18:45:00+05:30,pm10,110,µg/m³,28.647622,77.315809
5509,"Anand Vihar, Delhi - DPCC",Delhi,IN,2021-09-20T12:45:00+00:00,2021-09-20T18:15:00+05:30,pm25,64,µg/m³,28.647622,77.315809
5509,"Anand Vihar, Delhi - DPCC",Delhi,IN,2021-09-20T12:45:00+00:00,2021-09-20T18:15:00+05:30,pm10,123,µg/m³,28.647622,77.315809
5509,"Anand Vihar, Delhi - DPCC",Delhi,IN,2021-09-20T11:45:00+00:00,2021-09-20T17:15:00+05:30,pm25,37,µg/m³,28.647622,77.315809
5509,"Anand Vihar, Delhi - DPCC",Delhi,IN,2021-09-20T11:45:00+00:00,2021-09-20T17:15:00+05:30,pm10,116,µg/m³,28.647622,77.315809
5509,"Anand Vihar, Delhi - DPCC",Delhi,IN,2018-05-10T07:30:00+00:00,2018-05-10T13:00:00+05:30,pm10,271,µg/m³,28.647622,77.315809
5509,"Anand Vihar, Delhi - DPCC",Delhi,IN,2018-05-10T07:30:00+00:00,2018-05-10T13:00:00+05:30,pm25,84,µg/m³,28.647622,77.315809
5509,"Anand Vihar, Delhi - DPCC",Delhi,IN,2018-04-28T05:00:00+00:00,2018-04-28T10:30:00+05:30,pm25,83,µg/m³,28.647622,77.315809
5509,"Anand Vihar, Delhi - DPCC",Delhi,IN,2018-04-28T05:00:00+00:00,2018-04-28T10:30:00+05:30,pm10,400,µg/m³,28.647622,77.315809
5509,"Anand Vihar, Delhi - DPCC",Delhi,IN,2018-03-16T23:30:00+00:00,2018-03-17T05:00:00+05:30,pm25,166,µg/m³,28.647622,77.315809
5509,"Anand Vihar, Delhi - DPCC",Delhi,IN,2018-03-16T23:30:00+00:00,2018-03-17T05:00:00+05:30,pm10,206,µg/m³,28.647622,77.315809
5509,"Anand Vihar, Delhi - DPCC",Delhi,IN,2018-03-16T21:30:00+00:00,2018-03-17T03:00:00+05:30,pm10,208,µg/m³,28.647622,77.315809
5509,"Anand Vihar, Delhi - DPCC",Delhi,IN,2018-03-16T21:30:00+00:00,2018-03-17T03:00:00+05:30,pm25,159,µg/m³,28.647622,77.315809
5509,"Anand Vihar, Delhi - DPCC",Delhi,IN,2018-03-16T19:30:00+00:00,2018-03-17T01:00:00+05:30,pm25,157,µg/m³,28.647622,77.315809
5509,"Anand Vihar, Delhi - DPCC",Delhi,IN,2018-03-16T19:30:00+00:00,2018-03-17T01:00:00+05:30,pm10,209,µg/m³,28.647622,77.315809
5509,"Anand Vihar, Delhi - DPCC",Delhi,IN,2018-03-16T04:30:00+00:00,2018-03-16T10:00:00+05:30,pm25,237,µg/m³,28.647622,77.315809
5509,"Anand Vihar, Delhi - DPCC",Delhi,IN,2018-03-16T04:30:00+00:00,2018-03-16T10:00:00+05:30,pm10,339,µg/m³,28.647622,77.315809
5509,"Anand Vihar, Delhi - DPCC",Delhi,IN,2018-03-16T01:30:00+00:00,2018-03-16T07:00:00+05:30,pm10,389,µg/m³,28.647622,77.315809
5509,"Anand Vihar, Delhi - DPCC",Delhi,IN,2018-03-15T05:30:00+00:00,2018-03-15T11:00:00+05:30,pm25,290,µg/m³,28.647622,77.315809
5509,"Anand Vihar, Delhi - DPCC",Delhi,IN,2018-03-15T05:30:00+00:00,2018-03-15T11:00:00+05:30,pm10,396,µg/m³,28.647622,77.315809
5509,"Anand Vihar, Delhi - DPCC",Delhi,IN,2018-03-15T04:30:00+00:00,2018-03-15T10:00:00+05:30,pm25,291,µg/m³,28.647622,77.315809
5509,"Anand Vihar, Delhi - DPCC",Delhi,IN,2018-03-15T04:30:00+00:00,2018-03-15T10:00:00+05:30,pm10,397,µg/m³,28.647622,77.315809
5509,"Anand Vihar, Delhi - DPCC",Delhi,IN,2018-03-15T02:30:00+00:00,2018-03-15T08:00:00+05:30,pm25,289,µg/m³,28.647622,77.315809
5509,"Anand Vihar, Delhi - DPCC",Delhi,IN,2018-03-15T02:30:00+00:00,2018-03-15T08:00:00+05:30,pm10,399,µg/m³,28.647622,77.315809
5509,"Anand Vihar, Delhi - DPCC",Delhi,IN,2018-03-15T01:30:00+00:00,2018-03-15T07:00:00+05:30,pm25,283,µg/m³,28.647622,77.315809
5509,"Anand Vihar, Delhi - DPCC",Delhi,IN,2018-03-15T01:30:00+00:00,2018-03-15T07:00:00+05:30,pm10,398,µg/m³,28.647622,77.315809
5509,"Anand Vihar, Delhi - DPCC",Delhi,IN,2018-03-15T00:30:00+00:00,2018-03-15T06:00:00+05:30,pm10,392,µg/m³,28.647622,77.315809
5509,"Anand Vihar, Delhi - DPCC",Delhi,IN,2018-03-15T00:30:00+00:00,2018-03-15T06:00:00+05:30,pm25,275,µg/m³,28.647622,77.315809
5509,"Anand Vihar, Delhi - DPCC",Delhi,IN,2018-03-14T23:30:00+00:00,2018-03-15T05:00:00+05:30,pm10,383,µg/m³,28.647622,77.315809
5509,"Anand Vihar, Delhi - DPCC",Delhi,IN,2018-03-14T23:30:00+00:00,2018-03-15T05:00:00+05:30,pm25,266,µg/m³,28.647622,77.315809
5509,"Anand Vihar, Delhi - DPCC",Delhi,IN,2018-03-14T21:30:00+00:00,2018-03-15T03:00:00+05:30,pm25,259,µg/m³,28.647622,77.315809
5509,"Anand Vihar, Delhi - DPCC",Delhi,IN,2018-03-14T21:30:00+00:00,2018-03-15T03:00:00+05:30,pm10,376,µg/m³,28.647622,77.315809
5509,"Anand Vihar, Delhi - DPCC",Delhi,IN,2018-03-14T20:30:00+00:00,2018-03-15T02:00:00+05:30,pm10,376,µg/m³,28.647622,77.315809
5509,"Anand Vihar, Delhi - DPCC",Delhi,IN,2018-03-14T20:30:00+00:00,2018-03-15T02:00:00+05:30,pm25,260,µg/m³,28.647622,77.315809
5509,"Anand Vihar, Delhi - DPCC",Delhi,IN,2018-03-11T22:30:00+00:00,2018-03-12T04:00:00+05:30,pm25,176,µg/m³,28.647622,77.315809
5509,"Anand Vihar, Delhi - DPCC",Delhi,IN,2018-03-11T22:30:00+00:00,2018-03-12T04:00:00+05:30,pm10,190,µg/m³,28.647622,77.315809
5509,"Anand Vihar, Delhi - DPCC",Delhi,IN,2018-03-11T21:30:00+00:00,2018-03-12T03:00:00+05:30,pm25,175,µg/m³,28.647622,77.315809
5509,"Anand Vihar, Delhi - DPCC",Delhi,IN,2018-03-11T21:30:00+00:00,2018-03-12T03:00:00+05:30,pm10,190,µg/m³,28.647622,77.315809
5509,"Anand Vihar, Delhi - DPCC",Delhi,IN,2018-03-11T06:30:00+00:00,2018-03-11T12:00:00+05:30,pm10,190,µg/m³,28.647622,77.315809
5509,"Anand Vihar, Delhi - DPCC",Delhi,IN,2018-03-11T06:30:00+00:00,2018-03-11T12:00:00+05:30,pm25,131,µg/m³,28.647622,77.315809
5509,"Anand Vihar, Delhi - DPCC",Delhi,IN,2018-03-11T05:30:00+00:00,2018-03-11T11:00:00+05:30,pm10,188,µg/m³,28.647622,77.315809
5509,"Anand Vihar, Delhi - DPCC",Delhi,IN,2018-03-11T05:30:00+00:00,2018-03-11T11:00:00+05:30,pm25,145,µg/m³,28.647622,77.315809
5509,"Anand Vihar, Delhi - DPCC",Delhi,IN,2018-03-11T03:30:00+00:00,2018-03-11T09:00:00+05:30,pm25,112,µg/m³,28.647622,77.315809
5509,"Anand Vihar, Delhi - DPCC",Delhi,IN,2018-03-11T03:30:00+00:00,2018-03-11T09:00:00+05:30,pm10,188,µg/m³,28.647622,77.315809
5509,"Anand Vihar, Delhi - DPCC",Delhi,IN,2018-03-11T02:30:00+00:00,2018-03-11T08:00:00+05:30,pm25,126,µg/m³,28.647622,77.315809
5509,"Anand Vihar, Delhi - DPCC",Delhi,IN,2018-03-11T02:30:00+00:00,2018-03-11T08:00:00+05:30,pm10,194,µg/m³,28.647622,77.315809
5509,"Anand Vihar, Delhi - DPCC",Delhi,IN,2018-03-11T01:30:00+00:00,2018-03-11T07:00:00+05:30,pm10,196,µg/m³,28.647622,77.315809
5509,"Anand Vihar, Delhi - DPCC",Delhi,IN,2018-03-11T01:30:00+00:00,2018-03-11T07:00:00+05:30,pm25,136,µg/m³,28.647622,77.315809
5509,"Anand Vihar, Delhi - DPCC",Delhi,IN,2018-03-10T23:30:00+00:00,2018-03-11T05:00:00+05:30,pm25,135,µg/m³,28.647622,77.315809
5509,"Anand Vihar, Delhi - DPCC",Delhi,IN,2018-03-10T23:30:00+00:00,2018-03-11T05:00:00+05:30,pm10,199,µg/m³,28.647622,77.315809
5509,"Anand Vihar, Delhi - DPCC",Delhi,IN,2018-03-10T22:30:00+00:00,2018-03-11T04:00:00+05:30,pm25,134,µg/m³,28.647622,77.315809
5509,"Anand Vihar, Delhi - DPCC",Delhi,IN,2018-03-10T22:30:00+00:00,2018-03-11T04:00:00+05:30,pm10,196,µg/m³,28.647622,77.315809
5509,"Anand Vihar, Delhi - DPCC",Delhi,IN,2018-03-10T21:30:00+00:00,2018-03-11T03:00:00+05:30,pm10,192,µg/m³,28.647622,77.315809
5509,"Anand Vihar, Delhi - DPCC",Delhi,IN,2018-03-10T21:30:00+00:00,2018-03-11T03:00:00+05:30,pm25,132,µg/m³,28.647622,77.315809
5509,"Anand Vihar, Delhi - DPCC",Delhi,IN,2018-03-10T20:30:00+00:00,2018-03-11T02:00:00+05:30,pm10,190,µg/m³,28.647622,77.315809
5509,"Anand Vihar, Delhi - DPCC",Delhi,IN,2018-03-10T20:30:00+00:00,2018-03-11T02:00:00+05:30,pm25,130,µg/m³,28.647622,77.315809
5509,"Anand Vihar, Delhi - DPCC",Delhi,IN,2018-03-10T02:30:00+00:00,2018-03-10T08:00:00+05:30,pm25,169,µg/m³,28.647622,77.315809
5509,"Anand Vihar, Delhi - DPCC",Delhi,IN,2018-03-10T02:30:00+00:00,2018-03-10T08:00:00+05:30,pm10,208,µg/m³,28.647622,77.315809
5509,"Anand Vihar, Delhi - DPCC",Delhi,IN,2018-03-09T22:30:00+00:00,2018-03-10T04:00:00+05:30,pm25,216,µg/m³,28.647622,77.315809
5509,"Anand Vihar, Delhi - DPCC",Delhi,IN,2018-03-09T22:30:00+00:00,2018-03-10T04:00:00+05:30,pm10,256,µg/m³,28.647622,77.315809
5509,"Anand Vihar, Delhi - DPCC",Delhi,IN,2018-03-09T20:30:00+00:00,2018-03-10T02:00:00+05:30,pm10,267,µg/m³,28.647622,77.315809
5509,"Anand Vihar, Delhi - DPCC",Delhi,IN,2018-03-09T20:30:00+00:00,2018-03-10T02:00:00+05:30,pm25,237,µg/m³,28.647622,77.315809
5509,"Anand Vihar, Delhi - DPCC",Delhi,IN,2018-03-09T06:30:00+00:00,2018-03-09T12:00:00+05:30,pm10,358,µg/m³,28.647622,77.315809
5509,"Anand Vihar, Delhi - DPCC",Delhi,IN,2018-03-09T06:30:00+00:00,2018-03-09T12:00:00+05:30,pm25,351,µg/m³,28.647622,77.315809
5509,"Anand Vihar, Delhi - DPCC",Delhi,IN,2018-03-09T03:30:00+00:00,2018-03-09T09:00:00+05:30,pm25,284,µg/m³,28.647622,77.315809
5509,"Anand Vihar, Delhi - DPCC",Delhi,IN,2018-03-09T03:30:00+00:00,2018-03-09T09:00:00+05:30,pm10,323,µg/m³,28.647622,77.315809
